/**************************************************************************/
/*  ucaps.h                                                               */
/**************************************************************************/
/*                         This file is part of:                          */
/*                             GODOT ENGINE                               */
/*                        https://godotengine.org                         */
/**************************************************************************/
/* Copyright (c) 2014-present Godot Engine contributors (see AUTHORS.md). */
/* Copyright (c) 2007-2014 Juan Linietsky, Ariel Manzur.                  */
/*                                                                        */
/* Permission is hereby granted, free of charge, to any person obtaining  */
/* a copy of this software and associated documentation files (the        */
/* "Software"), to deal in the Software without restriction, including    */
/* without limitation the rights to use, copy, modify, merge, publish,    */
/* distribute, sublicense, and/or sell copies of the Software, and to     */
/* permit persons to whom the Software is furnished to do so, subject to  */
/* the following conditions:                                              */
/*                                                                        */
/* The above copyright notice and this permission notice shall be         */
/* included in all copies or substantial portions of the Software.        */
/*                                                                        */
/* THE SOFTWARE IS PROVIDED "AS IS", WITHOUT WARRANTY OF ANY KIND,        */
/* EXPRESS OR IMPLIED, INCLUDING BUT NOT LIMITED TO THE WARRANTIES OF     */
/* MERCHANTABILITY, FITNESS FOR A PARTICULAR PURPOSE AND NONINFRINGEMENT. */
/* IN NO EVENT SHALL THE AUTHORS OR COPYRIGHT HOLDERS BE LIABLE FOR ANY   */
/* CLAIM, DAMAGES OR OTHER LIABILITY, WHETHER IN AN ACTION OF CONTRACT,   */
/* TORT OR OTHERWISE, ARISING FROM, OUT OF OR IN CONNECTION WITH THE      */
/* SOFTWARE OR THE USE OR OTHER DEALINGS IN THE SOFTWARE.                 */
/**************************************************************************/

#pragma once

// This file was generated using the `misc/scripts/ucaps_fetch.py` script.

#define LTU_LEN 1477
#define UTL_LEN 1460

static const int caps_table[LTU_LEN][2] = {
	{ 0x0061, 0x0041 },
	{ 0x0062, 0x0042 },
	{ 0x0063, 0x0043 },
	{ 0x0064, 0x0044 },
	{ 0x0065, 0x0045 },
	{ 0x0066, 0x0046 },
	{ 0x0067, 0x0047 },
	{ 0x0068, 0x0048 },
	{ 0x0069, 0x0049 },
	{ 0x006A, 0x004A },
	{ 0x006B, 0x004B },
	{ 0x006C, 0x004C },
	{ 0x006D, 0x004D },
	{ 0x006E, 0x004E },
	{ 0x006F, 0x004F },
	{ 0x0070, 0x0050 },
	{ 0x0071, 0x0051 },
	{ 0x0072, 0x0052 },
	{ 0x0073, 0x0053 },
	{ 0x0074, 0x0054 },
	{ 0x0075, 0x0055 },
	{ 0x0076, 0x0056 },
	{ 0x0077, 0x0057 },
	{ 0x0078, 0x0058 },
	{ 0x0079, 0x0059 },
	{ 0x007A, 0x005A },
	{ 0x00B5, 0x039C },
	{ 0x00E0, 0x00C0 },
	{ 0x00E1, 0x00C1 },
	{ 0x00E2, 0x00C2 },
	{ 0x00E3, 0x00C3 },
	{ 0x00E4, 0x00C4 },
	{ 0x00E5, 0x00C5 },
	{ 0x00E6, 0x00C6 },
	{ 0x00E7, 0x00C7 },
	{ 0x00E8, 0x00C8 },
	{ 0x00E9, 0x00C9 },
	{ 0x00EA, 0x00CA },
	{ 0x00EB, 0x00CB },
	{ 0x00EC, 0x00CC },
	{ 0x00ED, 0x00CD },
	{ 0x00EE, 0x00CE },
	{ 0x00EF, 0x00CF },
	{ 0x00F0, 0x00D0 },
	{ 0x00F1, 0x00D1 },
	{ 0x00F2, 0x00D2 },
	{ 0x00F3, 0x00D3 },
	{ 0x00F4, 0x00D4 },
	{ 0x00F5, 0x00D5 },
	{ 0x00F6, 0x00D6 },
	{ 0x00F8, 0x00D8 },
	{ 0x00F9, 0x00D9 },
	{ 0x00FA, 0x00DA },
	{ 0x00FB, 0x00DB },
	{ 0x00FC, 0x00DC },
	{ 0x00FD, 0x00DD },
	{ 0x00FE, 0x00DE },
	{ 0x00FF, 0x0178 },
	{ 0x0101, 0x0100 },
	{ 0x0103, 0x0102 },
	{ 0x0105, 0x0104 },
	{ 0x0107, 0x0106 },
	{ 0x0109, 0x0108 },
	{ 0x010B, 0x010A },
	{ 0x010D, 0x010C },
	{ 0x010F, 0x010E },
	{ 0x0111, 0x0110 },
	{ 0x0113, 0x0112 },
	{ 0x0115, 0x0114 },
	{ 0x0117, 0x0116 },
	{ 0x0119, 0x0118 },
	{ 0x011B, 0x011A },
	{ 0x011D, 0x011C },
	{ 0x011F, 0x011E },
	{ 0x0121, 0x0120 },
	{ 0x0123, 0x0122 },
	{ 0x0125, 0x0124 },
	{ 0x0127, 0x0126 },
	{ 0x0129, 0x0128 },
	{ 0x012B, 0x012A },
	{ 0x012D, 0x012C },
	{ 0x012F, 0x012E },
	{ 0x0131, 0x0049 },
	{ 0x0133, 0x0132 },
	{ 0x0135, 0x0134 },
	{ 0x0137, 0x0136 },
	{ 0x013A, 0x0139 },
	{ 0x013C, 0x013B },
	{ 0x013E, 0x013D },
	{ 0x0140, 0x013F },
	{ 0x0142, 0x0141 },
	{ 0x0144, 0x0143 },
	{ 0x0146, 0x0145 },
	{ 0x0148, 0x0147 },
	{ 0x014B, 0x014A },
	{ 0x014D, 0x014C },
	{ 0x014F, 0x014E },
	{ 0x0151, 0x0150 },
	{ 0x0153, 0x0152 },
	{ 0x0155, 0x0154 },
	{ 0x0157, 0x0156 },
	{ 0x0159, 0x0158 },
	{ 0x015B, 0x015A },
	{ 0x015D, 0x015C },
	{ 0x015F, 0x015E },
	{ 0x0161, 0x0160 },
	{ 0x0163, 0x0162 },
	{ 0x0165, 0x0164 },
	{ 0x0167, 0x0166 },
	{ 0x0169, 0x0168 },
	{ 0x016B, 0x016A },
	{ 0x016D, 0x016C },
	{ 0x016F, 0x016E },
	{ 0x0171, 0x0170 },
	{ 0x0173, 0x0172 },
	{ 0x0175, 0x0174 },
	{ 0x0177, 0x0176 },
	{ 0x017A, 0x0179 },
	{ 0x017C, 0x017B },
	{ 0x017E, 0x017D },
	{ 0x017F, 0x0053 },
	{ 0x0180, 0x0243 },
	{ 0x0183, 0x0182 },
	{ 0x0185, 0x0184 },
	{ 0x0188, 0x0187 },
	{ 0x018C, 0x018B },
	{ 0x0192, 0x0191 },
	{ 0x0195, 0x01F6 },
	{ 0x0199, 0x0198 },
	{ 0x019A, 0x023D },
	{ 0x019B, 0xA7DC },
	{ 0x019E, 0x0220 },
	{ 0x01A1, 0x01A0 },
	{ 0x01A3, 0x01A2 },
	{ 0x01A5, 0x01A4 },
	{ 0x01A8, 0x01A7 },
	{ 0x01AD, 0x01AC },
	{ 0x01B0, 0x01AF },
	{ 0x01B4, 0x01B3 },
	{ 0x01B6, 0x01B5 },
	{ 0x01B9, 0x01B8 },
	{ 0x01BD, 0x01BC },
	{ 0x01BF, 0x01F7 },
	{ 0x01C5, 0x01C4 },
	{ 0x01C6, 0x01C4 },
	{ 0x01C8, 0x01C7 },
	{ 0x01C9, 0x01C7 },
	{ 0x01CB, 0x01CA },
	{ 0x01CC, 0x01CA },
	{ 0x01CE, 0x01CD },
	{ 0x01D0, 0x01CF },
	{ 0x01D2, 0x01D1 },
	{ 0x01D4, 0x01D3 },
	{ 0x01D6, 0x01D5 },
	{ 0x01D8, 0x01D7 },
	{ 0x01DA, 0x01D9 },
	{ 0x01DC, 0x01DB },
	{ 0x01DD, 0x018E },
	{ 0x01DF, 0x01DE },
	{ 0x01E1, 0x01E0 },
	{ 0x01E3, 0x01E2 },
	{ 0x01E5, 0x01E4 },
	{ 0x01E7, 0x01E6 },
	{ 0x01E9, 0x01E8 },
	{ 0x01EB, 0x01EA },
	{ 0x01ED, 0x01EC },
	{ 0x01EF, 0x01EE },
	{ 0x01F2, 0x01F1 },
	{ 0x01F3, 0x01F1 },
	{ 0x01F5, 0x01F4 },
	{ 0x01F9, 0x01F8 },
	{ 0x01FB, 0x01FA },
	{ 0x01FD, 0x01FC },
	{ 0x01FF, 0x01FE },
	{ 0x0201, 0x0200 },
	{ 0x0203, 0x0202 },
	{ 0x0205, 0x0204 },
	{ 0x0207, 0x0206 },
	{ 0x0209, 0x0208 },
	{ 0x020B, 0x020A },
	{ 0x020D, 0x020C },
	{ 0x020F, 0x020E },
	{ 0x0211, 0x0210 },
	{ 0x0213, 0x0212 },
	{ 0x0215, 0x0214 },
	{ 0x0217, 0x0216 },
	{ 0x0219, 0x0218 },
	{ 0x021B, 0x021A },
	{ 0x021D, 0x021C },
	{ 0x021F, 0x021E },
	{ 0x0223, 0x0222 },
	{ 0x0225, 0x0224 },
	{ 0x0227, 0x0226 },
	{ 0x0229, 0x0228 },
	{ 0x022B, 0x022A },
	{ 0x022D, 0x022C },
	{ 0x022F, 0x022E },
	{ 0x0231, 0x0230 },
	{ 0x0233, 0x0232 },
	{ 0x023C, 0x023B },
	{ 0x023F, 0x2C7E },
	{ 0x0240, 0x2C7F },
	{ 0x0242, 0x0241 },
	{ 0x0247, 0x0246 },
	{ 0x0249, 0x0248 },
	{ 0x024B, 0x024A },
	{ 0x024D, 0x024C },
	{ 0x024F, 0x024E },
	{ 0x0250, 0x2C6F },
	{ 0x0251, 0x2C6D },
	{ 0x0252, 0x2C70 },
	{ 0x0253, 0x0181 },
	{ 0x0254, 0x0186 },
	{ 0x0256, 0x0189 },
	{ 0x0257, 0x018A },
	{ 0x0259, 0x018F },
	{ 0x025B, 0x0190 },
	{ 0x025C, 0xA7AB },
	{ 0x0260, 0x0193 },
	{ 0x0261, 0xA7AC },
	{ 0x0263, 0x0194 },
	{ 0x0264, 0xA7CB },
	{ 0x0265, 0xA78D },
	{ 0x0266, 0xA7AA },
	{ 0x0268, 0x0197 },
	{ 0x0269, 0x0196 },
	{ 0x026A, 0xA7AE },
	{ 0x026B, 0x2C62 },
	{ 0x026C, 0xA7AD },
	{ 0x026F, 0x019C },
	{ 0x0271, 0x2C6E },
	{ 0x0272, 0x019D },
	{ 0x0275, 0x019F },
	{ 0x027D, 0x2C64 },
	{ 0x0280, 0x01A6 },
	{ 0x0282, 0xA7C5 },
	{ 0x0283, 0x01A9 },
	{ 0x0287, 0xA7B1 },
	{ 0x0288, 0x01AE },
	{ 0x0289, 0x0244 },
	{ 0x028A, 0x01B1 },
	{ 0x028B, 0x01B2 },
	{ 0x028C, 0x0245 },
	{ 0x0292, 0x01B7 },
	{ 0x029D, 0xA7B2 },
	{ 0x029E, 0xA7B0 },
	{ 0x0345, 0x0399 },
	{ 0x0371, 0x0370 },
	{ 0x0373, 0x0372 },
	{ 0x0377, 0x0376 },
	{ 0x037B, 0x03FD },
	{ 0x037C, 0x03FE },
	{ 0x037D, 0x03FF },
	{ 0x03AC, 0x0386 },
	{ 0x03AD, 0x0388 },
	{ 0x03AE, 0x0389 },
	{ 0x03AF, 0x038A },
	{ 0x03B1, 0x0391 },
	{ 0x03B2, 0x0392 },
	{ 0x03B3, 0x0393 },
	{ 0x03B4, 0x0394 },
	{ 0x03B5, 0x0395 },
	{ 0x03B6, 0x0396 },
	{ 0x03B7, 0x0397 },
	{ 0x03B8, 0x0398 },
	{ 0x03B9, 0x0399 },
	{ 0x03BA, 0x039A },
	{ 0x03BB, 0x039B },
	{ 0x03BC, 0x039C },
	{ 0x03BD, 0x039D },
	{ 0x03BE, 0x039E },
	{ 0x03BF, 0x039F },
	{ 0x03C0, 0x03A0 },
	{ 0x03C1, 0x03A1 },
	{ 0x03C2, 0x03A3 },
	{ 0x03C3, 0x03A3 },
	{ 0x03C4, 0x03A4 },
	{ 0x03C5, 0x03A5 },
	{ 0x03C6, 0x03A6 },
	{ 0x03C7, 0x03A7 },
	{ 0x03C8, 0x03A8 },
	{ 0x03C9, 0x03A9 },
	{ 0x03CA, 0x03AA },
	{ 0x03CB, 0x03AB },
	{ 0x03CC, 0x038C },
	{ 0x03CD, 0x038E },
	{ 0x03CE, 0x038F },
	{ 0x03D0, 0x0392 },
	{ 0x03D1, 0x0398 },
	{ 0x03D5, 0x03A6 },
	{ 0x03D6, 0x03A0 },
	{ 0x03D7, 0x03CF },
	{ 0x03D9, 0x03D8 },
	{ 0x03DB, 0x03DA },
	{ 0x03DD, 0x03DC },
	{ 0x03DF, 0x03DE },
	{ 0x03E1, 0x03E0 },
	{ 0x03E3, 0x03E2 },
	{ 0x03E5, 0x03E4 },
	{ 0x03E7, 0x03E6 },
	{ 0x03E9, 0x03E8 },
	{ 0x03EB, 0x03EA },
	{ 0x03ED, 0x03EC },
	{ 0x03EF, 0x03EE },
	{ 0x03F0, 0x039A },
	{ 0x03F1, 0x03A1 },
	{ 0x03F2, 0x03F9 },
	{ 0x03F3, 0x037F },
	{ 0x03F5, 0x0395 },
	{ 0x03F8, 0x03F7 },
	{ 0x03FB, 0x03FA },
	{ 0x0430, 0x0410 },
	{ 0x0431, 0x0411 },
	{ 0x0432, 0x0412 },
	{ 0x0433, 0x0413 },
	{ 0x0434, 0x0414 },
	{ 0x0435, 0x0415 },
	{ 0x0436, 0x0416 },
	{ 0x0437, 0x0417 },
	{ 0x0438, 0x0418 },
	{ 0x0439, 0x0419 },
	{ 0x043A, 0x041A },
	{ 0x043B, 0x041B },
	{ 0x043C, 0x041C },
	{ 0x043D, 0x041D },
	{ 0x043E, 0x041E },
	{ 0x043F, 0x041F },
	{ 0x0440, 0x0420 },
	{ 0x0441, 0x0421 },
	{ 0x0442, 0x0422 },
	{ 0x0443, 0x0423 },
	{ 0x0444, 0x0424 },
	{ 0x0445, 0x0425 },
	{ 0x0446, 0x0426 },
	{ 0x0447, 0x0427 },
	{ 0x0448, 0x0428 },
	{ 0x0449, 0x0429 },
	{ 0x044A, 0x042A },
	{ 0x044B, 0x042B },
	{ 0x044C, 0x042C },
	{ 0x044D, 0x042D },
	{ 0x044E, 0x042E },
	{ 0x044F, 0x042F },
	{ 0x0450, 0x0400 },
	{ 0x0451, 0x0401 },
	{ 0x0452, 0x0402 },
	{ 0x0453, 0x0403 },
	{ 0x0454, 0x0404 },
	{ 0x0455, 0x0405 },
	{ 0x0456, 0x0406 },
	{ 0x0457, 0x0407 },
	{ 0x0458, 0x0408 },
	{ 0x0459, 0x0409 },
	{ 0x045A, 0x040A },
	{ 0x045B, 0x040B },
	{ 0x045C, 0x040C },
	{ 0x045D, 0x040D },
	{ 0x045E, 0x040E },
	{ 0x045F, 0x040F },
	{ 0x0461, 0x0460 },
	{ 0x0463, 0x0462 },
	{ 0x0465, 0x0464 },
	{ 0x0467, 0x0466 },
	{ 0x0469, 0x0468 },
	{ 0x046B, 0x046A },
	{ 0x046D, 0x046C },
	{ 0x046F, 0x046E },
	{ 0x0471, 0x0470 },
	{ 0x0473, 0x0472 },
	{ 0x0475, 0x0474 },
	{ 0x0477, 0x0476 },
	{ 0x0479, 0x0478 },
	{ 0x047B, 0x047A },
	{ 0x047D, 0x047C },
	{ 0x047F, 0x047E },
	{ 0x0481, 0x0480 },
	{ 0x048B, 0x048A },
	{ 0x048D, 0x048C },
	{ 0x048F, 0x048E },
	{ 0x0491, 0x0490 },
	{ 0x0493, 0x0492 },
	{ 0x0495, 0x0494 },
	{ 0x0497, 0x0496 },
	{ 0x0499, 0x0498 },
	{ 0x049B, 0x049A },
	{ 0x049D, 0x049C },
	{ 0x049F, 0x049E },
	{ 0x04A1, 0x04A0 },
	{ 0x04A3, 0x04A2 },
	{ 0x04A5, 0x04A4 },
	{ 0x04A7, 0x04A6 },
	{ 0x04A9, 0x04A8 },
	{ 0x04AB, 0x04AA },
	{ 0x04AD, 0x04AC },
	{ 0x04AF, 0x04AE },
	{ 0x04B1, 0x04B0 },
	{ 0x04B3, 0x04B2 },
	{ 0x04B5, 0x04B4 },
	{ 0x04B7, 0x04B6 },
	{ 0x04B9, 0x04B8 },
	{ 0x04BB, 0x04BA },
	{ 0x04BD, 0x04BC },
	{ 0x04BF, 0x04BE },
	{ 0x04C2, 0x04C1 },
	{ 0x04C4, 0x04C3 },
	{ 0x04C6, 0x04C5 },
	{ 0x04C8, 0x04C7 },
	{ 0x04CA, 0x04C9 },
	{ 0x04CC, 0x04CB },
	{ 0x04CE, 0x04CD },
	{ 0x04CF, 0x04C0 },
	{ 0x04D1, 0x04D0 },
	{ 0x04D3, 0x04D2 },
	{ 0x04D5, 0x04D4 },
	{ 0x04D7, 0x04D6 },
	{ 0x04D9, 0x04D8 },
	{ 0x04DB, 0x04DA },
	{ 0x04DD, 0x04DC },
	{ 0x04DF, 0x04DE },
	{ 0x04E1, 0x04E0 },
	{ 0x04E3, 0x04E2 },
	{ 0x04E5, 0x04E4 },
	{ 0x04E7, 0x04E6 },
	{ 0x04E9, 0x04E8 },
	{ 0x04EB, 0x04EA },
	{ 0x04ED, 0x04EC },
	{ 0x04EF, 0x04EE },
	{ 0x04F1, 0x04F0 },
	{ 0x04F3, 0x04F2 },
	{ 0x04F5, 0x04F4 },
	{ 0x04F7, 0x04F6 },
	{ 0x04F9, 0x04F8 },
	{ 0x04FB, 0x04FA },
	{ 0x04FD, 0x04FC },
	{ 0x04FF, 0x04FE },
	{ 0x0501, 0x0500 },
	{ 0x0503, 0x0502 },
	{ 0x0505, 0x0504 },
	{ 0x0507, 0x0506 },
	{ 0x0509, 0x0508 },
	{ 0x050B, 0x050A },
	{ 0x050D, 0x050C },
	{ 0x050F, 0x050E },
	{ 0x0511, 0x0510 },
	{ 0x0513, 0x0512 },
	{ 0x0515, 0x0514 },
	{ 0x0517, 0x0516 },
	{ 0x0519, 0x0518 },
	{ 0x051B, 0x051A },
	{ 0x051D, 0x051C },
	{ 0x051F, 0x051E },
	{ 0x0521, 0x0520 },
	{ 0x0523, 0x0522 },
	{ 0x0525, 0x0524 },
	{ 0x0527, 0x0526 },
	{ 0x0529, 0x0528 },
	{ 0x052B, 0x052A },
	{ 0x052D, 0x052C },
	{ 0x052F, 0x052E },
	{ 0x0561, 0x0531 },
	{ 0x0562, 0x0532 },
	{ 0x0563, 0x0533 },
	{ 0x0564, 0x0534 },
	{ 0x0565, 0x0535 },
	{ 0x0566, 0x0536 },
	{ 0x0567, 0x0537 },
	{ 0x0568, 0x0538 },
	{ 0x0569, 0x0539 },
	{ 0x056A, 0x053A },
	{ 0x056B, 0x053B },
	{ 0x056C, 0x053C },
	{ 0x056D, 0x053D },
	{ 0x056E, 0x053E },
	{ 0x056F, 0x053F },
	{ 0x0570, 0x0540 },
	{ 0x0571, 0x0541 },
	{ 0x0572, 0x0542 },
	{ 0x0573, 0x0543 },
	{ 0x0574, 0x0544 },
	{ 0x0575, 0x0545 },
	{ 0x0576, 0x0546 },
	{ 0x0577, 0x0547 },
	{ 0x0578, 0x0548 },
	{ 0x0579, 0x0549 },
	{ 0x057A, 0x054A },
	{ 0x057B, 0x054B },
	{ 0x057C, 0x054C },
	{ 0x057D, 0x054D },
	{ 0x057E, 0x054E },
	{ 0x057F, 0x054F },
	{ 0x0580, 0x0550 },
	{ 0x0581, 0x0551 },
	{ 0x0582, 0x0552 },
	{ 0x0583, 0x0553 },
	{ 0x0584, 0x0554 },
	{ 0x0585, 0x0555 },
	{ 0x0586, 0x0556 },
	{ 0x10D0, 0x1C90 },
	{ 0x10D1, 0x1C91 },
	{ 0x10D2, 0x1C92 },
	{ 0x10D3, 0x1C93 },
	{ 0x10D4, 0x1C94 },
	{ 0x10D5, 0x1C95 },
	{ 0x10D6, 0x1C96 },
	{ 0x10D7, 0x1C97 },
	{ 0x10D8, 0x1C98 },
	{ 0x10D9, 0x1C99 },
	{ 0x10DA, 0x1C9A },
	{ 0x10DB, 0x1C9B },
	{ 0x10DC, 0x1C9C },
	{ 0x10DD, 0x1C9D },
	{ 0x10DE, 0x1C9E },
	{ 0x10DF, 0x1C9F },
	{ 0x10E0, 0x1CA0 },
	{ 0x10E1, 0x1CA1 },
	{ 0x10E2, 0x1CA2 },
	{ 0x10E3, 0x1CA3 },
	{ 0x10E4, 0x1CA4 },
	{ 0x10E5, 0x1CA5 },
	{ 0x10E6, 0x1CA6 },
	{ 0x10E7, 0x1CA7 },
	{ 0x10E8, 0x1CA8 },
	{ 0x10E9, 0x1CA9 },
	{ 0x10EA, 0x1CAA },
	{ 0x10EB, 0x1CAB },
	{ 0x10EC, 0x1CAC },
	{ 0x10ED, 0x1CAD },
	{ 0x10EE, 0x1CAE },
	{ 0x10EF, 0x1CAF },
	{ 0x10F0, 0x1CB0 },
	{ 0x10F1, 0x1CB1 },
	{ 0x10F2, 0x1CB2 },
	{ 0x10F3, 0x1CB3 },
	{ 0x10F4, 0x1CB4 },
	{ 0x10F5, 0x1CB5 },
	{ 0x10F6, 0x1CB6 },
	{ 0x10F7, 0x1CB7 },
	{ 0x10F8, 0x1CB8 },
	{ 0x10F9, 0x1CB9 },
	{ 0x10FA, 0x1CBA },
	{ 0x10FD, 0x1CBD },
	{ 0x10FE, 0x1CBE },
	{ 0x10FF, 0x1CBF },
	{ 0x13F8, 0x13F0 },
	{ 0x13F9, 0x13F1 },
	{ 0x13FA, 0x13F2 },
	{ 0x13FB, 0x13F3 },
	{ 0x13FC, 0x13F4 },
	{ 0x13FD, 0x13F5 },
	{ 0x1C80, 0x0412 },
	{ 0x1C81, 0x0414 },
	{ 0x1C82, 0x041E },
	{ 0x1C83, 0x0421 },
	{ 0x1C84, 0x0422 },
	{ 0x1C85, 0x0422 },
	{ 0x1C86, 0x042A },
	{ 0x1C87, 0x0462 },
	{ 0x1C88, 0xA64A },
	{ 0x1C8A, 0x1C89 },
	{ 0x1D79, 0xA77D },
	{ 0x1D7D, 0x2C63 },
	{ 0x1D8E, 0xA7C6 },
	{ 0x1E01, 0x1E00 },
	{ 0x1E03, 0x1E02 },
	{ 0x1E05, 0x1E04 },
	{ 0x1E07, 0x1E06 },
	{ 0x1E09, 0x1E08 },
	{ 0x1E0B, 0x1E0A },
	{ 0x1E0D, 0x1E0C },
	{ 0x1E0F, 0x1E0E },
	{ 0x1E11, 0x1E10 },
	{ 0x1E13, 0x1E12 },
	{ 0x1E15, 0x1E14 },
	{ 0x1E17, 0x1E16 },
	{ 0x1E19, 0x1E18 },
	{ 0x1E1B, 0x1E1A },
	{ 0x1E1D, 0x1E1C },
	{ 0x1E1F, 0x1E1E },
	{ 0x1E21, 0x1E20 },
	{ 0x1E23, 0x1E22 },
	{ 0x1E25, 0x1E24 },
	{ 0x1E27, 0x1E26 },
	{ 0x1E29, 0x1E28 },
	{ 0x1E2B, 0x1E2A },
	{ 0x1E2D, 0x1E2C },
	{ 0x1E2F, 0x1E2E },
	{ 0x1E31, 0x1E30 },
	{ 0x1E33, 0x1E32 },
	{ 0x1E35, 0x1E34 },
	{ 0x1E37, 0x1E36 },
	{ 0x1E39, 0x1E38 },
	{ 0x1E3B, 0x1E3A },
	{ 0x1E3D, 0x1E3C },
	{ 0x1E3F, 0x1E3E },
	{ 0x1E41, 0x1E40 },
	{ 0x1E43, 0x1E42 },
	{ 0x1E45, 0x1E44 },
	{ 0x1E47, 0x1E46 },
	{ 0x1E49, 0x1E48 },
	{ 0x1E4B, 0x1E4A },
	{ 0x1E4D, 0x1E4C },
	{ 0x1E4F, 0x1E4E },
	{ 0x1E51, 0x1E50 },
	{ 0x1E53, 0x1E52 },
	{ 0x1E55, 0x1E54 },
	{ 0x1E57, 0x1E56 },
	{ 0x1E59, 0x1E58 },
	{ 0x1E5B, 0x1E5A },
	{ 0x1E5D, 0x1E5C },
	{ 0x1E5F, 0x1E5E },
	{ 0x1E61, 0x1E60 },
	{ 0x1E63, 0x1E62 },
	{ 0x1E65, 0x1E64 },
	{ 0x1E67, 0x1E66 },
	{ 0x1E69, 0x1E68 },
	{ 0x1E6B, 0x1E6A },
	{ 0x1E6D, 0x1E6C },
	{ 0x1E6F, 0x1E6E },
	{ 0x1E71, 0x1E70 },
	{ 0x1E73, 0x1E72 },
	{ 0x1E75, 0x1E74 },
	{ 0x1E77, 0x1E76 },
	{ 0x1E79, 0x1E78 },
	{ 0x1E7B, 0x1E7A },
	{ 0x1E7D, 0x1E7C },
	{ 0x1E7F, 0x1E7E },
	{ 0x1E81, 0x1E80 },
	{ 0x1E83, 0x1E82 },
	{ 0x1E85, 0x1E84 },
	{ 0x1E87, 0x1E86 },
	{ 0x1E89, 0x1E88 },
	{ 0x1E8B, 0x1E8A },
	{ 0x1E8D, 0x1E8C },
	{ 0x1E8F, 0x1E8E },
	{ 0x1E91, 0x1E90 },
	{ 0x1E93, 0x1E92 },
	{ 0x1E95, 0x1E94 },
	{ 0x1E9B, 0x1E60 },
	{ 0x1EA1, 0x1EA0 },
	{ 0x1EA3, 0x1EA2 },
	{ 0x1EA5, 0x1EA4 },
	{ 0x1EA7, 0x1EA6 },
	{ 0x1EA9, 0x1EA8 },
	{ 0x1EAB, 0x1EAA },
	{ 0x1EAD, 0x1EAC },
	{ 0x1EAF, 0x1EAE },
	{ 0x1EB1, 0x1EB0 },
	{ 0x1EB3, 0x1EB2 },
	{ 0x1EB5, 0x1EB4 },
	{ 0x1EB7, 0x1EB6 },
	{ 0x1EB9, 0x1EB8 },
	{ 0x1EBB, 0x1EBA },
	{ 0x1EBD, 0x1EBC },
	{ 0x1EBF, 0x1EBE },
	{ 0x1EC1, 0x1EC0 },
	{ 0x1EC3, 0x1EC2 },
	{ 0x1EC5, 0x1EC4 },
	{ 0x1EC7, 0x1EC6 },
	{ 0x1EC9, 0x1EC8 },
	{ 0x1ECB, 0x1ECA },
	{ 0x1ECD, 0x1ECC },
	{ 0x1ECF, 0x1ECE },
	{ 0x1ED1, 0x1ED0 },
	{ 0x1ED3, 0x1ED2 },
	{ 0x1ED5, 0x1ED4 },
	{ 0x1ED7, 0x1ED6 },
	{ 0x1ED9, 0x1ED8 },
	{ 0x1EDB, 0x1EDA },
	{ 0x1EDD, 0x1EDC },
	{ 0x1EDF, 0x1EDE },
	{ 0x1EE1, 0x1EE0 },
	{ 0x1EE3, 0x1EE2 },
	{ 0x1EE5, 0x1EE4 },
	{ 0x1EE7, 0x1EE6 },
	{ 0x1EE9, 0x1EE8 },
	{ 0x1EEB, 0x1EEA },
	{ 0x1EED, 0x1EEC },
	{ 0x1EEF, 0x1EEE },
	{ 0x1EF1, 0x1EF0 },
	{ 0x1EF3, 0x1EF2 },
	{ 0x1EF5, 0x1EF4 },
	{ 0x1EF7, 0x1EF6 },
	{ 0x1EF9, 0x1EF8 },
	{ 0x1EFB, 0x1EFA },
	{ 0x1EFD, 0x1EFC },
	{ 0x1EFF, 0x1EFE },
	{ 0x1F00, 0x1F08 },
	{ 0x1F01, 0x1F09 },
	{ 0x1F02, 0x1F0A },
	{ 0x1F03, 0x1F0B },
	{ 0x1F04, 0x1F0C },
	{ 0x1F05, 0x1F0D },
	{ 0x1F06, 0x1F0E },
	{ 0x1F07, 0x1F0F },
	{ 0x1F10, 0x1F18 },
	{ 0x1F11, 0x1F19 },
	{ 0x1F12, 0x1F1A },
	{ 0x1F13, 0x1F1B },
	{ 0x1F14, 0x1F1C },
	{ 0x1F15, 0x1F1D },
	{ 0x1F20, 0x1F28 },
	{ 0x1F21, 0x1F29 },
	{ 0x1F22, 0x1F2A },
	{ 0x1F23, 0x1F2B },
	{ 0x1F24, 0x1F2C },
	{ 0x1F25, 0x1F2D },
	{ 0x1F26, 0x1F2E },
	{ 0x1F27, 0x1F2F },
	{ 0x1F30, 0x1F38 },
	{ 0x1F31, 0x1F39 },
	{ 0x1F32, 0x1F3A },
	{ 0x1F33, 0x1F3B },
	{ 0x1F34, 0x1F3C },
	{ 0x1F35, 0x1F3D },
	{ 0x1F36, 0x1F3E },
	{ 0x1F37, 0x1F3F },
	{ 0x1F40, 0x1F48 },
	{ 0x1F41, 0x1F49 },
	{ 0x1F42, 0x1F4A },
	{ 0x1F43, 0x1F4B },
	{ 0x1F44, 0x1F4C },
	{ 0x1F45, 0x1F4D },
	{ 0x1F51, 0x1F59 },
	{ 0x1F53, 0x1F5B },
	{ 0x1F55, 0x1F5D },
	{ 0x1F57, 0x1F5F },
	{ 0x1F60, 0x1F68 },
	{ 0x1F61, 0x1F69 },
	{ 0x1F62, 0x1F6A },
	{ 0x1F63, 0x1F6B },
	{ 0x1F64, 0x1F6C },
	{ 0x1F65, 0x1F6D },
	{ 0x1F66, 0x1F6E },
	{ 0x1F67, 0x1F6F },
	{ 0x1F70, 0x1FBA },
	{ 0x1F71, 0x1FBB },
	{ 0x1F72, 0x1FC8 },
	{ 0x1F73, 0x1FC9 },
	{ 0x1F74, 0x1FCA },
	{ 0x1F75, 0x1FCB },
	{ 0x1F76, 0x1FDA },
	{ 0x1F77, 0x1FDB },
	{ 0x1F78, 0x1FF8 },
	{ 0x1F79, 0x1FF9 },
	{ 0x1F7A, 0x1FEA },
	{ 0x1F7B, 0x1FEB },
	{ 0x1F7C, 0x1FFA },
	{ 0x1F7D, 0x1FFB },
	{ 0x1F80, 0x1F88 },
	{ 0x1F81, 0x1F89 },
	{ 0x1F82, 0x1F8A },
	{ 0x1F83, 0x1F8B },
	{ 0x1F84, 0x1F8C },
	{ 0x1F85, 0x1F8D },
	{ 0x1F86, 0x1F8E },
	{ 0x1F87, 0x1F8F },
	{ 0x1F90, 0x1F98 },
	{ 0x1F91, 0x1F99 },
	{ 0x1F92, 0x1F9A },
	{ 0x1F93, 0x1F9B },
	{ 0x1F94, 0x1F9C },
	{ 0x1F95, 0x1F9D },
	{ 0x1F96, 0x1F9E },
	{ 0x1F97, 0x1F9F },
	{ 0x1FA0, 0x1FA8 },
	{ 0x1FA1, 0x1FA9 },
	{ 0x1FA2, 0x1FAA },
	{ 0x1FA3, 0x1FAB },
	{ 0x1FA4, 0x1FAC },
	{ 0x1FA5, 0x1FAD },
	{ 0x1FA6, 0x1FAE },
	{ 0x1FA7, 0x1FAF },
	{ 0x1FB0, 0x1FB8 },
	{ 0x1FB1, 0x1FB9 },
	{ 0x1FB3, 0x1FBC },
	{ 0x1FBE, 0x0399 },
	{ 0x1FC3, 0x1FCC },
	{ 0x1FD0, 0x1FD8 },
	{ 0x1FD1, 0x1FD9 },
	{ 0x1FE0, 0x1FE8 },
	{ 0x1FE1, 0x1FE9 },
	{ 0x1FE5, 0x1FEC },
	{ 0x1FF3, 0x1FFC },
	{ 0x214E, 0x2132 },
	{ 0x2170, 0x2160 },
	{ 0x2171, 0x2161 },
	{ 0x2172, 0x2162 },
	{ 0x2173, 0x2163 },
	{ 0x2174, 0x2164 },
	{ 0x2175, 0x2165 },
	{ 0x2176, 0x2166 },
	{ 0x2177, 0x2167 },
	{ 0x2178, 0x2168 },
	{ 0x2179, 0x2169 },
	{ 0x217A, 0x216A },
	{ 0x217B, 0x216B },
	{ 0x217C, 0x216C },
	{ 0x217D, 0x216D },
	{ 0x217E, 0x216E },
	{ 0x217F, 0x216F },
	{ 0x2184, 0x2183 },
	{ 0x24D0, 0x24B6 },
	{ 0x24D1, 0x24B7 },
	{ 0x24D2, 0x24B8 },
	{ 0x24D3, 0x24B9 },
	{ 0x24D4, 0x24BA },
	{ 0x24D5, 0x24BB },
	{ 0x24D6, 0x24BC },
	{ 0x24D7, 0x24BD },
	{ 0x24D8, 0x24BE },
	{ 0x24D9, 0x24BF },
	{ 0x24DA, 0x24C0 },
	{ 0x24DB, 0x24C1 },
	{ 0x24DC, 0x24C2 },
	{ 0x24DD, 0x24C3 },
	{ 0x24DE, 0x24C4 },
	{ 0x24DF, 0x24C5 },
	{ 0x24E0, 0x24C6 },
	{ 0x24E1, 0x24C7 },
	{ 0x24E2, 0x24C8 },
	{ 0x24E3, 0x24C9 },
	{ 0x24E4, 0x24CA },
	{ 0x24E5, 0x24CB },
	{ 0x24E6, 0x24CC },
	{ 0x24E7, 0x24CD },
	{ 0x24E8, 0x24CE },
	{ 0x24E9, 0x24CF },
	{ 0x2C30, 0x2C00 },
	{ 0x2C31, 0x2C01 },
	{ 0x2C32, 0x2C02 },
	{ 0x2C33, 0x2C03 },
	{ 0x2C34, 0x2C04 },
	{ 0x2C35, 0x2C05 },
	{ 0x2C36, 0x2C06 },
	{ 0x2C37, 0x2C07 },
	{ 0x2C38, 0x2C08 },
	{ 0x2C39, 0x2C09 },
	{ 0x2C3A, 0x2C0A },
	{ 0x2C3B, 0x2C0B },
	{ 0x2C3C, 0x2C0C },
	{ 0x2C3D, 0x2C0D },
	{ 0x2C3E, 0x2C0E },
	{ 0x2C3F, 0x2C0F },
	{ 0x2C40, 0x2C10 },
	{ 0x2C41, 0x2C11 },
	{ 0x2C42, 0x2C12 },
	{ 0x2C43, 0x2C13 },
	{ 0x2C44, 0x2C14 },
	{ 0x2C45, 0x2C15 },
	{ 0x2C46, 0x2C16 },
	{ 0x2C47, 0x2C17 },
	{ 0x2C48, 0x2C18 },
	{ 0x2C49, 0x2C19 },
	{ 0x2C4A, 0x2C1A },
	{ 0x2C4B, 0x2C1B },
	{ 0x2C4C, 0x2C1C },
	{ 0x2C4D, 0x2C1D },
	{ 0x2C4E, 0x2C1E },
	{ 0x2C4F, 0x2C1F },
	{ 0x2C50, 0x2C20 },
	{ 0x2C51, 0x2C21 },
	{ 0x2C52, 0x2C22 },
	{ 0x2C53, 0x2C23 },
	{ 0x2C54, 0x2C24 },
	{ 0x2C55, 0x2C25 },
	{ 0x2C56, 0x2C26 },
	{ 0x2C57, 0x2C27 },
	{ 0x2C58, 0x2C28 },
	{ 0x2C59, 0x2C29 },
	{ 0x2C5A, 0x2C2A },
	{ 0x2C5B, 0x2C2B },
	{ 0x2C5C, 0x2C2C },
	{ 0x2C5D, 0x2C2D },
	{ 0x2C5E, 0x2C2E },
	{ 0x2C5F, 0x2C2F },
	{ 0x2C61, 0x2C60 },
	{ 0x2C65, 0x023A },
	{ 0x2C66, 0x023E },
	{ 0x2C68, 0x2C67 },
	{ 0x2C6A, 0x2C69 },
	{ 0x2C6C, 0x2C6B },
	{ 0x2C73, 0x2C72 },
	{ 0x2C76, 0x2C75 },
	{ 0x2C81, 0x2C80 },
	{ 0x2C83, 0x2C82 },
	{ 0x2C85, 0x2C84 },
	{ 0x2C87, 0x2C86 },
	{ 0x2C89, 0x2C88 },
	{ 0x2C8B, 0x2C8A },
	{ 0x2C8D, 0x2C8C },
	{ 0x2C8F, 0x2C8E },
	{ 0x2C91, 0x2C90 },
	{ 0x2C93, 0x2C92 },
	{ 0x2C95, 0x2C94 },
	{ 0x2C97, 0x2C96 },
	{ 0x2C99, 0x2C98 },
	{ 0x2C9B, 0x2C9A },
	{ 0x2C9D, 0x2C9C },
	{ 0x2C9F, 0x2C9E },
	{ 0x2CA1, 0x2CA0 },
	{ 0x2CA3, 0x2CA2 },
	{ 0x2CA5, 0x2CA4 },
	{ 0x2CA7, 0x2CA6 },
	{ 0x2CA9, 0x2CA8 },
	{ 0x2CAB, 0x2CAA },
	{ 0x2CAD, 0x2CAC },
	{ 0x2CAF, 0x2CAE },
	{ 0x2CB1, 0x2CB0 },
	{ 0x2CB3, 0x2CB2 },
	{ 0x2CB5, 0x2CB4 },
	{ 0x2CB7, 0x2CB6 },
	{ 0x2CB9, 0x2CB8 },
	{ 0x2CBB, 0x2CBA },
	{ 0x2CBD, 0x2CBC },
	{ 0x2CBF, 0x2CBE },
	{ 0x2CC1, 0x2CC0 },
	{ 0x2CC3, 0x2CC2 },
	{ 0x2CC5, 0x2CC4 },
	{ 0x2CC7, 0x2CC6 },
	{ 0x2CC9, 0x2CC8 },
	{ 0x2CCB, 0x2CCA },
	{ 0x2CCD, 0x2CCC },
	{ 0x2CCF, 0x2CCE },
	{ 0x2CD1, 0x2CD0 },
	{ 0x2CD3, 0x2CD2 },
	{ 0x2CD5, 0x2CD4 },
	{ 0x2CD7, 0x2CD6 },
	{ 0x2CD9, 0x2CD8 },
	{ 0x2CDB, 0x2CDA },
	{ 0x2CDD, 0x2CDC },
	{ 0x2CDF, 0x2CDE },
	{ 0x2CE1, 0x2CE0 },
	{ 0x2CE3, 0x2CE2 },
	{ 0x2CEC, 0x2CEB },
	{ 0x2CEE, 0x2CED },
	{ 0x2CF3, 0x2CF2 },
	{ 0x2D00, 0x10A0 },
	{ 0x2D01, 0x10A1 },
	{ 0x2D02, 0x10A2 },
	{ 0x2D03, 0x10A3 },
	{ 0x2D04, 0x10A4 },
	{ 0x2D05, 0x10A5 },
	{ 0x2D06, 0x10A6 },
	{ 0x2D07, 0x10A7 },
	{ 0x2D08, 0x10A8 },
	{ 0x2D09, 0x10A9 },
	{ 0x2D0A, 0x10AA },
	{ 0x2D0B, 0x10AB },
	{ 0x2D0C, 0x10AC },
	{ 0x2D0D, 0x10AD },
	{ 0x2D0E, 0x10AE },
	{ 0x2D0F, 0x10AF },
	{ 0x2D10, 0x10B0 },
	{ 0x2D11, 0x10B1 },
	{ 0x2D12, 0x10B2 },
	{ 0x2D13, 0x10B3 },
	{ 0x2D14, 0x10B4 },
	{ 0x2D15, 0x10B5 },
	{ 0x2D16, 0x10B6 },
	{ 0x2D17, 0x10B7 },
	{ 0x2D18, 0x10B8 },
	{ 0x2D19, 0x10B9 },
	{ 0x2D1A, 0x10BA },
	{ 0x2D1B, 0x10BB },
	{ 0x2D1C, 0x10BC },
	{ 0x2D1D, 0x10BD },
	{ 0x2D1E, 0x10BE },
	{ 0x2D1F, 0x10BF },
	{ 0x2D20, 0x10C0 },
	{ 0x2D21, 0x10C1 },
	{ 0x2D22, 0x10C2 },
	{ 0x2D23, 0x10C3 },
	{ 0x2D24, 0x10C4 },
	{ 0x2D25, 0x10C5 },
	{ 0x2D27, 0x10C7 },
	{ 0x2D2D, 0x10CD },
	{ 0xA641, 0xA640 },
	{ 0xA643, 0xA642 },
	{ 0xA645, 0xA644 },
	{ 0xA647, 0xA646 },
	{ 0xA649, 0xA648 },
	{ 0xA64B, 0xA64A },
	{ 0xA64D, 0xA64C },
	{ 0xA64F, 0xA64E },
	{ 0xA651, 0xA650 },
	{ 0xA653, 0xA652 },
	{ 0xA655, 0xA654 },
	{ 0xA657, 0xA656 },
	{ 0xA659, 0xA658 },
	{ 0xA65B, 0xA65A },
	{ 0xA65D, 0xA65C },
	{ 0xA65F, 0xA65E },
	{ 0xA661, 0xA660 },
	{ 0xA663, 0xA662 },
	{ 0xA665, 0xA664 },
	{ 0xA667, 0xA666 },
	{ 0xA669, 0xA668 },
	{ 0xA66B, 0xA66A },
	{ 0xA66D, 0xA66C },
	{ 0xA681, 0xA680 },
	{ 0xA683, 0xA682 },
	{ 0xA685, 0xA684 },
	{ 0xA687, 0xA686 },
	{ 0xA689, 0xA688 },
	{ 0xA68B, 0xA68A },
	{ 0xA68D, 0xA68C },
	{ 0xA68F, 0xA68E },
	{ 0xA691, 0xA690 },
	{ 0xA693, 0xA692 },
	{ 0xA695, 0xA694 },
	{ 0xA697, 0xA696 },
	{ 0xA699, 0xA698 },
	{ 0xA69B, 0xA69A },
	{ 0xA723, 0xA722 },
	{ 0xA725, 0xA724 },
	{ 0xA727, 0xA726 },
	{ 0xA729, 0xA728 },
	{ 0xA72B, 0xA72A },
	{ 0xA72D, 0xA72C },
	{ 0xA72F, 0xA72E },
	{ 0xA733, 0xA732 },
	{ 0xA735, 0xA734 },
	{ 0xA737, 0xA736 },
	{ 0xA739, 0xA738 },
	{ 0xA73B, 0xA73A },
	{ 0xA73D, 0xA73C },
	{ 0xA73F, 0xA73E },
	{ 0xA741, 0xA740 },
	{ 0xA743, 0xA742 },
	{ 0xA745, 0xA744 },
	{ 0xA747, 0xA746 },
	{ 0xA749, 0xA748 },
	{ 0xA74B, 0xA74A },
	{ 0xA74D, 0xA74C },
	{ 0xA74F, 0xA74E },
	{ 0xA751, 0xA750 },
	{ 0xA753, 0xA752 },
	{ 0xA755, 0xA754 },
	{ 0xA757, 0xA756 },
	{ 0xA759, 0xA758 },
	{ 0xA75B, 0xA75A },
	{ 0xA75D, 0xA75C },
	{ 0xA75F, 0xA75E },
	{ 0xA761, 0xA760 },
	{ 0xA763, 0xA762 },
	{ 0xA765, 0xA764 },
	{ 0xA767, 0xA766 },
	{ 0xA769, 0xA768 },
	{ 0xA76B, 0xA76A },
	{ 0xA76D, 0xA76C },
	{ 0xA76F, 0xA76E },
	{ 0xA77A, 0xA779 },
	{ 0xA77C, 0xA77B },
	{ 0xA77F, 0xA77E },
	{ 0xA781, 0xA780 },
	{ 0xA783, 0xA782 },
	{ 0xA785, 0xA784 },
	{ 0xA787, 0xA786 },
	{ 0xA78C, 0xA78B },
	{ 0xA791, 0xA790 },
	{ 0xA793, 0xA792 },
	{ 0xA794, 0xA7C4 },
	{ 0xA797, 0xA796 },
	{ 0xA799, 0xA798 },
	{ 0xA79B, 0xA79A },
	{ 0xA79D, 0xA79C },
	{ 0xA79F, 0xA79E },
	{ 0xA7A1, 0xA7A0 },
	{ 0xA7A3, 0xA7A2 },
	{ 0xA7A5, 0xA7A4 },
	{ 0xA7A7, 0xA7A6 },
	{ 0xA7A9, 0xA7A8 },
	{ 0xA7B5, 0xA7B4 },
	{ 0xA7B7, 0xA7B6 },
	{ 0xA7B9, 0xA7B8 },
	{ 0xA7BB, 0xA7BA },
	{ 0xA7BD, 0xA7BC },
	{ 0xA7BF, 0xA7BE },
	{ 0xA7C1, 0xA7C0 },
	{ 0xA7C3, 0xA7C2 },
	{ 0xA7C8, 0xA7C7 },
	{ 0xA7CA, 0xA7C9 },
	{ 0xA7CD, 0xA7CC },
	{ 0xA7D1, 0xA7D0 },
	{ 0xA7D7, 0xA7D6 },
	{ 0xA7D9, 0xA7D8 },
	{ 0xA7DB, 0xA7DA },
	{ 0xA7F6, 0xA7F5 },
	{ 0xAB53, 0xA7B3 },
	{ 0xAB70, 0x13A0 },
	{ 0xAB71, 0x13A1 },
	{ 0xAB72, 0x13A2 },
	{ 0xAB73, 0x13A3 },
	{ 0xAB74, 0x13A4 },
	{ 0xAB75, 0x13A5 },
	{ 0xAB76, 0x13A6 },
	{ 0xAB77, 0x13A7 },
	{ 0xAB78, 0x13A8 },
	{ 0xAB79, 0x13A9 },
	{ 0xAB7A, 0x13AA },
	{ 0xAB7B, 0x13AB },
	{ 0xAB7C, 0x13AC },
	{ 0xAB7D, 0x13AD },
	{ 0xAB7E, 0x13AE },
	{ 0xAB7F, 0x13AF },
	{ 0xAB80, 0x13B0 },
	{ 0xAB81, 0x13B1 },
	{ 0xAB82, 0x13B2 },
	{ 0xAB83, 0x13B3 },
	{ 0xAB84, 0x13B4 },
	{ 0xAB85, 0x13B5 },
	{ 0xAB86, 0x13B6 },
	{ 0xAB87, 0x13B7 },
	{ 0xAB88, 0x13B8 },
	{ 0xAB89, 0x13B9 },
	{ 0xAB8A, 0x13BA },
	{ 0xAB8B, 0x13BB },
	{ 0xAB8C, 0x13BC },
	{ 0xAB8D, 0x13BD },
	{ 0xAB8E, 0x13BE },
	{ 0xAB8F, 0x13BF },
	{ 0xAB90, 0x13C0 },
	{ 0xAB91, 0x13C1 },
	{ 0xAB92, 0x13C2 },
	{ 0xAB93, 0x13C3 },
	{ 0xAB94, 0x13C4 },
	{ 0xAB95, 0x13C5 },
	{ 0xAB96, 0x13C6 },
	{ 0xAB97, 0x13C7 },
	{ 0xAB98, 0x13C8 },
	{ 0xAB99, 0x13C9 },
	{ 0xAB9A, 0x13CA },
	{ 0xAB9B, 0x13CB },
	{ 0xAB9C, 0x13CC },
	{ 0xAB9D, 0x13CD },
	{ 0xAB9E, 0x13CE },
	{ 0xAB9F, 0x13CF },
	{ 0xABA0, 0x13D0 },
	{ 0xABA1, 0x13D1 },
	{ 0xABA2, 0x13D2 },
	{ 0xABA3, 0x13D3 },
	{ 0xABA4, 0x13D4 },
	{ 0xABA5, 0x13D5 },
	{ 0xABA6, 0x13D6 },
	{ 0xABA7, 0x13D7 },
	{ 0xABA8, 0x13D8 },
	{ 0xABA9, 0x13D9 },
	{ 0xABAA, 0x13DA },
	{ 0xABAB, 0x13DB },
	{ 0xABAC, 0x13DC },
	{ 0xABAD, 0x13DD },
	{ 0xABAE, 0x13DE },
	{ 0xABAF, 0x13DF },
	{ 0xABB0, 0x13E0 },
	{ 0xABB1, 0x13E1 },
	{ 0xABB2, 0x13E2 },
	{ 0xABB3, 0x13E3 },
	{ 0xABB4, 0x13E4 },
	{ 0xABB5, 0x13E5 },
	{ 0xABB6, 0x13E6 },
	{ 0xABB7, 0x13E7 },
	{ 0xABB8, 0x13E8 },
	{ 0xABB9, 0x13E9 },
	{ 0xABBA, 0x13EA },
	{ 0xABBB, 0x13EB },
	{ 0xABBC, 0x13EC },
	{ 0xABBD, 0x13ED },
	{ 0xABBE, 0x13EE },
	{ 0xABBF, 0x13EF },
	{ 0xFF41, 0xFF21 },
	{ 0xFF42, 0xFF22 },
	{ 0xFF43, 0xFF23 },
	{ 0xFF44, 0xFF24 },
	{ 0xFF45, 0xFF25 },
	{ 0xFF46, 0xFF26 },
	{ 0xFF47, 0xFF27 },
	{ 0xFF48, 0xFF28 },
	{ 0xFF49, 0xFF29 },
	{ 0xFF4A, 0xFF2A },
	{ 0xFF4B, 0xFF2B },
	{ 0xFF4C, 0xFF2C },
	{ 0xFF4D, 0xFF2D },
	{ 0xFF4E, 0xFF2E },
	{ 0xFF4F, 0xFF2F },
	{ 0xFF50, 0xFF30 },
	{ 0xFF51, 0xFF31 },
	{ 0xFF52, 0xFF32 },
	{ 0xFF53, 0xFF33 },
	{ 0xFF54, 0xFF34 },
	{ 0xFF55, 0xFF35 },
	{ 0xFF56, 0xFF36 },
	{ 0xFF57, 0xFF37 },
	{ 0xFF58, 0xFF38 },
	{ 0xFF59, 0xFF39 },
	{ 0xFF5A, 0xFF3A },
	{ 0x10428, 0x10400 },
	{ 0x10429, 0x10401 },
	{ 0x1042A, 0x10402 },
	{ 0x1042B, 0x10403 },
	{ 0x1042C, 0x10404 },
	{ 0x1042D, 0x10405 },
	{ 0x1042E, 0x10406 },
	{ 0x1042F, 0x10407 },
	{ 0x10430, 0x10408 },
	{ 0x10431, 0x10409 },
	{ 0x10432, 0x1040A },
	{ 0x10433, 0x1040B },
	{ 0x10434, 0x1040C },
	{ 0x10435, 0x1040D },
	{ 0x10436, 0x1040E },
	{ 0x10437, 0x1040F },
	{ 0x10438, 0x10410 },
	{ 0x10439, 0x10411 },
	{ 0x1043A, 0x10412 },
	{ 0x1043B, 0x10413 },
	{ 0x1043C, 0x10414 },
	{ 0x1043D, 0x10415 },
	{ 0x1043E, 0x10416 },
	{ 0x1043F, 0x10417 },
	{ 0x10440, 0x10418 },
	{ 0x10441, 0x10419 },
	{ 0x10442, 0x1041A },
	{ 0x10443, 0x1041B },
	{ 0x10444, 0x1041C },
	{ 0x10445, 0x1041D },
	{ 0x10446, 0x1041E },
	{ 0x10447, 0x1041F },
	{ 0x10448, 0x10420 },
	{ 0x10449, 0x10421 },
	{ 0x1044A, 0x10422 },
	{ 0x1044B, 0x10423 },
	{ 0x1044C, 0x10424 },
	{ 0x1044D, 0x10425 },
	{ 0x1044E, 0x10426 },
	{ 0x1044F, 0x10427 },
	{ 0x104D8, 0x104B0 },
	{ 0x104D9, 0x104B1 },
	{ 0x104DA, 0x104B2 },
	{ 0x104DB, 0x104B3 },
	{ 0x104DC, 0x104B4 },
	{ 0x104DD, 0x104B5 },
	{ 0x104DE, 0x104B6 },
	{ 0x104DF, 0x104B7 },
	{ 0x104E0, 0x104B8 },
	{ 0x104E1, 0x104B9 },
	{ 0x104E2, 0x104BA },
	{ 0x104E3, 0x104BB },
	{ 0x104E4, 0x104BC },
	{ 0x104E5, 0x104BD },
	{ 0x104E6, 0x104BE },
	{ 0x104E7, 0x104BF },
	{ 0x104E8, 0x104C0 },
	{ 0x104E9, 0x104C1 },
	{ 0x104EA, 0x104C2 },
	{ 0x104EB, 0x104C3 },
	{ 0x104EC, 0x104C4 },
	{ 0x104ED, 0x104C5 },
	{ 0x104EE, 0x104C6 },
	{ 0x104EF, 0x104C7 },
	{ 0x104F0, 0x104C8 },
	{ 0x104F1, 0x104C9 },
	{ 0x104F2, 0x104CA },
	{ 0x104F3, 0x104CB },
	{ 0x104F4, 0x104CC },
	{ 0x104F5, 0x104CD },
	{ 0x104F6, 0x104CE },
	{ 0x104F7, 0x104CF },
	{ 0x104F8, 0x104D0 },
	{ 0x104F9, 0x104D1 },
	{ 0x104FA, 0x104D2 },
	{ 0x104FB, 0x104D3 },
	{ 0x10597, 0x10570 },
	{ 0x10598, 0x10571 },
	{ 0x10599, 0x10572 },
	{ 0x1059A, 0x10573 },
	{ 0x1059B, 0x10574 },
	{ 0x1059C, 0x10575 },
	{ 0x1059D, 0x10576 },
	{ 0x1059E, 0x10577 },
	{ 0x1059F, 0x10578 },
	{ 0x105A0, 0x10579 },
	{ 0x105A1, 0x1057A },
	{ 0x105A3, 0x1057C },
	{ 0x105A4, 0x1057D },
	{ 0x105A5, 0x1057E },
	{ 0x105A6, 0x1057F },
	{ 0x105A7, 0x10580 },
	{ 0x105A8, 0x10581 },
	{ 0x105A9, 0x10582 },
	{ 0x105AA, 0x10583 },
	{ 0x105AB, 0x10584 },
	{ 0x105AC, 0x10585 },
	{ 0x105AD, 0x10586 },
	{ 0x105AE, 0x10587 },
	{ 0x105AF, 0x10588 },
	{ 0x105B0, 0x10589 },
	{ 0x105B1, 0x1058A },
	{ 0x105B3, 0x1058C },
	{ 0x105B4, 0x1058D },
	{ 0x105B5, 0x1058E },
	{ 0x105B6, 0x1058F },
	{ 0x105B7, 0x10590 },
	{ 0x105B8, 0x10591 },
	{ 0x105B9, 0x10592 },
	{ 0x105BB, 0x10594 },
	{ 0x105BC, 0x10595 },
	{ 0x10CC0, 0x10C80 },
	{ 0x10CC1, 0x10C81 },
	{ 0x10CC2, 0x10C82 },
	{ 0x10CC3, 0x10C83 },
	{ 0x10CC4, 0x10C84 },
	{ 0x10CC5, 0x10C85 },
	{ 0x10CC6, 0x10C86 },
	{ 0x10CC7, 0x10C87 },
	{ 0x10CC8, 0x10C88 },
	{ 0x10CC9, 0x10C89 },
	{ 0x10CCA, 0x10C8A },
	{ 0x10CCB, 0x10C8B },
	{ 0x10CCC, 0x10C8C },
	{ 0x10CCD, 0x10C8D },
	{ 0x10CCE, 0x10C8E },
	{ 0x10CCF, 0x10C8F },
	{ 0x10CD0, 0x10C90 },
	{ 0x10CD1, 0x10C91 },
	{ 0x10CD2, 0x10C92 },
	{ 0x10CD3, 0x10C93 },
	{ 0x10CD4, 0x10C94 },
	{ 0x10CD5, 0x10C95 },
	{ 0x10CD6, 0x10C96 },
	{ 0x10CD7, 0x10C97 },
	{ 0x10CD8, 0x10C98 },
	{ 0x10CD9, 0x10C99 },
	{ 0x10CDA, 0x10C9A },
	{ 0x10CDB, 0x10C9B },
	{ 0x10CDC, 0x10C9C },
	{ 0x10CDD, 0x10C9D },
	{ 0x10CDE, 0x10C9E },
	{ 0x10CDF, 0x10C9F },
	{ 0x10CE0, 0x10CA0 },
	{ 0x10CE1, 0x10CA1 },
	{ 0x10CE2, 0x10CA2 },
	{ 0x10CE3, 0x10CA3 },
	{ 0x10CE4, 0x10CA4 },
	{ 0x10CE5, 0x10CA5 },
	{ 0x10CE6, 0x10CA6 },
	{ 0x10CE7, 0x10CA7 },
	{ 0x10CE8, 0x10CA8 },
	{ 0x10CE9, 0x10CA9 },
	{ 0x10CEA, 0x10CAA },
	{ 0x10CEB, 0x10CAB },
	{ 0x10CEC, 0x10CAC },
	{ 0x10CED, 0x10CAD },
	{ 0x10CEE, 0x10CAE },
	{ 0x10CEF, 0x10CAF },
	{ 0x10CF0, 0x10CB0 },
	{ 0x10CF1, 0x10CB1 },
	{ 0x10CF2, 0x10CB2 },
	{ 0x10D70, 0x10D50 },
	{ 0x10D71, 0x10D51 },
	{ 0x10D72, 0x10D52 },
	{ 0x10D73, 0x10D53 },
	{ 0x10D74, 0x10D54 },
	{ 0x10D75, 0x10D55 },
	{ 0x10D76, 0x10D56 },
	{ 0x10D77, 0x10D57 },
	{ 0x10D78, 0x10D58 },
	{ 0x10D79, 0x10D59 },
	{ 0x10D7A, 0x10D5A },
	{ 0x10D7B, 0x10D5B },
	{ 0x10D7C, 0x10D5C },
	{ 0x10D7D, 0x10D5D },
	{ 0x10D7E, 0x10D5E },
	{ 0x10D7F, 0x10D5F },
	{ 0x10D80, 0x10D60 },
	{ 0x10D81, 0x10D61 },
	{ 0x10D82, 0x10D62 },
	{ 0x10D83, 0x10D63 },
	{ 0x10D84, 0x10D64 },
	{ 0x10D85, 0x10D65 },
	{ 0x118C0, 0x118A0 },
	{ 0x118C1, 0x118A1 },
	{ 0x118C2, 0x118A2 },
	{ 0x118C3, 0x118A3 },
	{ 0x118C4, 0x118A4 },
	{ 0x118C5, 0x118A5 },
	{ 0x118C6, 0x118A6 },
	{ 0x118C7, 0x118A7 },
	{ 0x118C8, 0x118A8 },
	{ 0x118C9, 0x118A9 },
	{ 0x118CA, 0x118AA },
	{ 0x118CB, 0x118AB },
	{ 0x118CC, 0x118AC },
	{ 0x118CD, 0x118AD },
	{ 0x118CE, 0x118AE },
	{ 0x118CF, 0x118AF },
	{ 0x118D0, 0x118B0 },
	{ 0x118D1, 0x118B1 },
	{ 0x118D2, 0x118B2 },
	{ 0x118D3, 0x118B3 },
	{ 0x118D4, 0x118B4 },
	{ 0x118D5, 0x118B5 },
	{ 0x118D6, 0x118B6 },
	{ 0x118D7, 0x118B7 },
	{ 0x118D8, 0x118B8 },
	{ 0x118D9, 0x118B9 },
	{ 0x118DA, 0x118BA },
	{ 0x118DB, 0x118BB },
	{ 0x118DC, 0x118BC },
	{ 0x118DD, 0x118BD },
	{ 0x118DE, 0x118BE },
	{ 0x118DF, 0x118BF },
	{ 0x16E60, 0x16E40 },
	{ 0x16E61, 0x16E41 },
	{ 0x16E62, 0x16E42 },
	{ 0x16E63, 0x16E43 },
	{ 0x16E64, 0x16E44 },
	{ 0x16E65, 0x16E45 },
	{ 0x16E66, 0x16E46 },
	{ 0x16E67, 0x16E47 },
	{ 0x16E68, 0x16E48 },
	{ 0x16E69, 0x16E49 },
	{ 0x16E6A, 0x16E4A },
	{ 0x16E6B, 0x16E4B },
	{ 0x16E6C, 0x16E4C },
	{ 0x16E6D, 0x16E4D },
	{ 0x16E6E, 0x16E4E },
	{ 0x16E6F, 0x16E4F },
	{ 0x16E70, 0x16E50 },
	{ 0x16E71, 0x16E51 },
	{ 0x16E72, 0x16E52 },
	{ 0x16E73, 0x16E53 },
	{ 0x16E74, 0x16E54 },
	{ 0x16E75, 0x16E55 },
	{ 0x16E76, 0x16E56 },
	{ 0x16E77, 0x16E57 },
	{ 0x16E78, 0x16E58 },
	{ 0x16E79, 0x16E59 },
	{ 0x16E7A, 0x16E5A },
	{ 0x16E7B, 0x16E5B },
	{ 0x16E7C, 0x16E5C },
	{ 0x16E7D, 0x16E5D },
	{ 0x16E7E, 0x16E5E },
	{ 0x16E7F, 0x16E5F },
	{ 0x1E922, 0x1E900 },
	{ 0x1E923, 0x1E901 },
	{ 0x1E924, 0x1E902 },
	{ 0x1E925, 0x1E903 },
	{ 0x1E926, 0x1E904 },
	{ 0x1E927, 0x1E905 },
	{ 0x1E928, 0x1E906 },
	{ 0x1E929, 0x1E907 },
	{ 0x1E92A, 0x1E908 },
	{ 0x1E92B, 0x1E909 },
	{ 0x1E92C, 0x1E90A },
	{ 0x1E92D, 0x1E90B },
	{ 0x1E92E, 0x1E90C },
	{ 0x1E92F, 0x1E90D },
	{ 0x1E930, 0x1E90E },
	{ 0x1E931, 0x1E90F },
	{ 0x1E932, 0x1E910 },
	{ 0x1E933, 0x1E911 },
	{ 0x1E934, 0x1E912 },
	{ 0x1E935, 0x1E913 },
	{ 0x1E936, 0x1E914 },
	{ 0x1E937, 0x1E915 },
	{ 0x1E938, 0x1E916 },
	{ 0x1E939, 0x1E917 },
	{ 0x1E93A, 0x1E918 },
	{ 0x1E93B, 0x1E919 },
	{ 0x1E93C, 0x1E91A },
	{ 0x1E93D, 0x1E91B },
	{ 0x1E93E, 0x1E91C },
	{ 0x1E93F, 0x1E91D },
	{ 0x1E940, 0x1E91E },
	{ 0x1E941, 0x1E91F },
	{ 0x1E942, 0x1E920 },
	{ 0x1E943, 0x1E921 },
};

static const int reverse_caps_table[UTL_LEN][2] = {
	{ 0x0041, 0x0061 },
	{ 0x0042, 0x0062 },
	{ 0x0043, 0x0063 },
	{ 0x0044, 0x0064 },
	{ 0x0045, 0x0065 },
	{ 0x0046, 0x0066 },
	{ 0x0047, 0x0067 },
	{ 0x0048, 0x0068 },
	{ 0x0049, 0x0069 },
	{ 0x004A, 0x006A },
	{ 0x004B, 0x006B },
	{ 0x004C, 0x006C },
	{ 0x004D, 0x006D },
	{ 0x004E, 0x006E },
	{ 0x004F, 0x006F },
	{ 0x0050, 0x0070 },
	{ 0x0051, 0x0071 },
	{ 0x0052, 0x0072 },
	{ 0x0053, 0x0073 },
	{ 0x0054, 0x0074 },
	{ 0x0055, 0x0075 },
	{ 0x0056, 0x0076 },
	{ 0x0057, 0x0077 },
	{ 0x0058, 0x0078 },
	{ 0x0059, 0x0079 },
	{ 0x005A, 0x007A },
	{ 0x00C0, 0x00E0 },
	{ 0x00C1, 0x00E1 },
	{ 0x00C2, 0x00E2 },
	{ 0x00C3, 0x00E3 },
	{ 0x00C4, 0x00E4 },
	{ 0x00C5, 0x00E5 },
	{ 0x00C6, 0x00E6 },
	{ 0x00C7, 0x00E7 },
	{ 0x00C8, 0x00E8 },
	{ 0x00C9, 0x00E9 },
	{ 0x00CA, 0x00EA },
	{ 0x00CB, 0x00EB },
	{ 0x00CC, 0x00EC },
	{ 0x00CD, 0x00ED },
	{ 0x00CE, 0x00EE },
	{ 0x00CF, 0x00EF },
	{ 0x00D0, 0x00F0 },
	{ 0x00D1, 0x00F1 },
	{ 0x00D2, 0x00F2 },
	{ 0x00D3, 0x00F3 },
	{ 0x00D4, 0x00F4 },
	{ 0x00D5, 0x00F5 },
	{ 0x00D6, 0x00F6 },
	{ 0x00D8, 0x00F8 },
	{ 0x00D9, 0x00F9 },
	{ 0x00DA, 0x00FA },
	{ 0x00DB, 0x00FB },
	{ 0x00DC, 0x00FC },
	{ 0x00DD, 0x00FD },
	{ 0x00DE, 0x00FE },
	{ 0x0100, 0x0101 },
	{ 0x0102, 0x0103 },
	{ 0x0104, 0x0105 },
	{ 0x0106, 0x0107 },
	{ 0x0108, 0x0109 },
	{ 0x010A, 0x010B },
	{ 0x010C, 0x010D },
	{ 0x010E, 0x010F },
	{ 0x0110, 0x0111 },
	{ 0x0112, 0x0113 },
	{ 0x0114, 0x0115 },
	{ 0x0116, 0x0117 },
	{ 0x0118, 0x0119 },
	{ 0x011A, 0x011B },
	{ 0x011C, 0x011D },
	{ 0x011E, 0x011F },
	{ 0x0120, 0x0121 },
	{ 0x0122, 0x0123 },
	{ 0x0124, 0x0125 },
	{ 0x0126, 0x0127 },
	{ 0x0128, 0x0129 },
	{ 0x012A, 0x012B },
	{ 0x012C, 0x012D },
	{ 0x012E, 0x012F },
	{ 0x0130, 0x0069 },
	{ 0x0132, 0x0133 },
	{ 0x0134, 0x0135 },
	{ 0x0136, 0x0137 },
	{ 0x0139, 0x013A },
	{ 0x013B, 0x013C },
	{ 0x013D, 0x013E },
	{ 0x013F, 0x0140 },
	{ 0x0141, 0x0142 },
	{ 0x0143, 0x0144 },
	{ 0x0145, 0x0146 },
	{ 0x0147, 0x0148 },
	{ 0x014A, 0x014B },
	{ 0x014C, 0x014D },
	{ 0x014E, 0x014F },
	{ 0x0150, 0x0151 },
	{ 0x0152, 0x0153 },
	{ 0x0154, 0x0155 },
	{ 0x0156, 0x0157 },
	{ 0x0158, 0x0159 },
	{ 0x015A, 0x015B },
	{ 0x015C, 0x015D },
	{ 0x015E, 0x015F },
	{ 0x0160, 0x0161 },
	{ 0x0162, 0x0163 },
	{ 0x0164, 0x0165 },
	{ 0x0166, 0x0167 },
	{ 0x0168, 0x0169 },
	{ 0x016A, 0x016B },
	{ 0x016C, 0x016D },
	{ 0x016E, 0x016F },
	{ 0x0170, 0x0171 },
	{ 0x0172, 0x0173 },
	{ 0x0174, 0x0175 },
	{ 0x0176, 0x0177 },
	{ 0x0178, 0x00FF },
	{ 0x0179, 0x017A },
	{ 0x017B, 0x017C },
	{ 0x017D, 0x017E },
	{ 0x0181, 0x0253 },
	{ 0x0182, 0x0183 },
	{ 0x0184, 0x0185 },
	{ 0x0186, 0x0254 },
	{ 0x0187, 0x0188 },
	{ 0x0189, 0x0256 },
	{ 0x018A, 0x0257 },
	{ 0x018B, 0x018C },
	{ 0x018E, 0x01DD },
	{ 0x018F, 0x0259 },
	{ 0x0190, 0x025B },
	{ 0x0191, 0x0192 },
	{ 0x0193, 0x0260 },
	{ 0x0194, 0x0263 },
	{ 0x0196, 0x0269 },
	{ 0x0197, 0x0268 },
	{ 0x0198, 0x0199 },
	{ 0x019C, 0x026F },
	{ 0x019D, 0x0272 },
	{ 0x019F, 0x0275 },
	{ 0x01A0, 0x01A1 },
	{ 0x01A2, 0x01A3 },
	{ 0x01A4, 0x01A5 },
	{ 0x01A6, 0x0280 },
	{ 0x01A7, 0x01A8 },
	{ 0x01A9, 0x0283 },
	{ 0x01AC, 0x01AD },
	{ 0x01AE, 0x0288 },
	{ 0x01AF, 0x01B0 },
	{ 0x01B1, 0x028A },
	{ 0x01B2, 0x028B },
	{ 0x01B3, 0x01B4 },
	{ 0x01B5, 0x01B6 },
	{ 0x01B7, 0x0292 },
	{ 0x01B8, 0x01B9 },
	{ 0x01BC, 0x01BD },
	{ 0x01C4, 0x01C6 },
	{ 0x01C5, 0x01C6 },
	{ 0x01C7, 0x01C9 },
	{ 0x01C8, 0x01C9 },
	{ 0x01CA, 0x01CC },
	{ 0x01CB, 0x01CC },
	{ 0x01CD, 0x01CE },
	{ 0x01CF, 0x01D0 },
	{ 0x01D1, 0x01D2 },
	{ 0x01D3, 0x01D4 },
	{ 0x01D5, 0x01D6 },
	{ 0x01D7, 0x01D8 },
	{ 0x01D9, 0x01DA },
	{ 0x01DB, 0x01DC },
	{ 0x01DE, 0x01DF },
	{ 0x01E0, 0x01E1 },
	{ 0x01E2, 0x01E3 },
	{ 0x01E4, 0x01E5 },
	{ 0x01E6, 0x01E7 },
	{ 0x01E8, 0x01E9 },
	{ 0x01EA, 0x01EB },
	{ 0x01EC, 0x01ED },
	{ 0x01EE, 0x01EF },
	{ 0x01F1, 0x01F3 },
	{ 0x01F2, 0x01F3 },
	{ 0x01F4, 0x01F5 },
	{ 0x01F6, 0x0195 },
	{ 0x01F7, 0x01BF },
	{ 0x01F8, 0x01F9 },
	{ 0x01FA, 0x01FB },
	{ 0x01FC, 0x01FD },
	{ 0x01FE, 0x01FF },
	{ 0x0200, 0x0201 },
	{ 0x0202, 0x0203 },
	{ 0x0204, 0x0205 },
	{ 0x0206, 0x0207 },
	{ 0x0208, 0x0209 },
	{ 0x020A, 0x020B },
	{ 0x020C, 0x020D },
	{ 0x020E, 0x020F },
	{ 0x0210, 0x0211 },
	{ 0x0212, 0x0213 },
	{ 0x0214, 0x0215 },
	{ 0x0216, 0x0217 },
	{ 0x0218, 0x0219 },
	{ 0x021A, 0x021B },
	{ 0x021C, 0x021D },
	{ 0x021E, 0x021F },
	{ 0x0220, 0x019E },
	{ 0x0222, 0x0223 },
	{ 0x0224, 0x0225 },
	{ 0x0226, 0x0227 },
	{ 0x0228, 0x0229 },
	{ 0x022A, 0x022B },
	{ 0x022C, 0x022D },
	{ 0x022E, 0x022F },
	{ 0x0230, 0x0231 },
	{ 0x0232, 0x0233 },
	{ 0x023A, 0x2C65 },
	{ 0x023B, 0x023C },
	{ 0x023D, 0x019A },
	{ 0x023E, 0x2C66 },
	{ 0x0241, 0x0242 },
	{ 0x0243, 0x0180 },
	{ 0x0244, 0x0289 },
	{ 0x0245, 0x028C },
	{ 0x0246, 0x0247 },
	{ 0x0248, 0x0249 },
	{ 0x024A, 0x024B },
	{ 0x024C, 0x024D },
	{ 0x024E, 0x024F },
	{ 0x0370, 0x0371 },
	{ 0x0372, 0x0373 },
	{ 0x0376, 0x0377 },
	{ 0x037F, 0x03F3 },
	{ 0x0386, 0x03AC },
	{ 0x0388, 0x03AD },
	{ 0x0389, 0x03AE },
	{ 0x038A, 0x03AF },
	{ 0x038C, 0x03CC },
	{ 0x038E, 0x03CD },
	{ 0x038F, 0x03CE },
	{ 0x0391, 0x03B1 },
	{ 0x0392, 0x03B2 },
	{ 0x0393, 0x03B3 },
	{ 0x0394, 0x03B4 },
	{ 0x0395, 0x03B5 },
	{ 0x0396, 0x03B6 },
	{ 0x0397, 0x03B7 },
	{ 0x0398, 0x03B8 },
	{ 0x0399, 0x03B9 },
	{ 0x039A, 0x03BA },
	{ 0x039B, 0x03BB },
	{ 0x039C, 0x03BC },
	{ 0x039D, 0x03BD },
	{ 0x039E, 0x03BE },
	{ 0x039F, 0x03BF },
	{ 0x03A0, 0x03C0 },
	{ 0x03A1, 0x03C1 },
	{ 0x03A3, 0x03C3 },
	{ 0x03A4, 0x03C4 },
	{ 0x03A5, 0x03C5 },
	{ 0x03A6, 0x03C6 },
	{ 0x03A7, 0x03C7 },
	{ 0x03A8, 0x03C8 },
	{ 0x03A9, 0x03C9 },
	{ 0x03AA, 0x03CA },
	{ 0x03AB, 0x03CB },
	{ 0x03CF, 0x03D7 },
	{ 0x03D8, 0x03D9 },
	{ 0x03DA, 0x03DB },
	{ 0x03DC, 0x03DD },
	{ 0x03DE, 0x03DF },
	{ 0x03E0, 0x03E1 },
	{ 0x03E2, 0x03E3 },
	{ 0x03E4, 0x03E5 },
	{ 0x03E6, 0x03E7 },
	{ 0x03E8, 0x03E9 },
	{ 0x03EA, 0x03EB },
	{ 0x03EC, 0x03ED },
	{ 0x03EE, 0x03EF },
	{ 0x03F4, 0x03B8 },
	{ 0x03F7, 0x03F8 },
	{ 0x03F9, 0x03F2 },
	{ 0x03FA, 0x03FB },
	{ 0x03FD, 0x037B },
	{ 0x03FE, 0x037C },
	{ 0x03FF, 0x037D },
	{ 0x0400, 0x0450 },
	{ 0x0401, 0x0451 },
	{ 0x0402, 0x0452 },
	{ 0x0403, 0x0453 },
	{ 0x0404, 0x0454 },
	{ 0x0405, 0x0455 },
	{ 0x0406, 0x0456 },
	{ 0x0407, 0x0457 },
	{ 0x0408, 0x0458 },
	{ 0x0409, 0x0459 },
	{ 0x040A, 0x045A },
	{ 0x040B, 0x045B },
	{ 0x040C, 0x045C },
	{ 0x040D, 0x045D },
	{ 0x040E, 0x045E },
	{ 0x040F, 0x045F },
	{ 0x0410, 0x0430 },
	{ 0x0411, 0x0431 },
	{ 0x0412, 0x0432 },
	{ 0x0413, 0x0433 },
	{ 0x0414, 0x0434 },
	{ 0x0415, 0x0435 },
	{ 0x0416, 0x0436 },
	{ 0x0417, 0x0437 },
	{ 0x0418, 0x0438 },
	{ 0x0419, 0x0439 },
	{ 0x041A, 0x043A },
	{ 0x041B, 0x043B },
	{ 0x041C, 0x043C },
	{ 0x041D, 0x043D },
	{ 0x041E, 0x043E },
	{ 0x041F, 0x043F },
	{ 0x0420, 0x0440 },
	{ 0x0421, 0x0441 },
	{ 0x0422, 0x0442 },
	{ 0x0423, 0x0443 },
	{ 0x0424, 0x0444 },
	{ 0x0425, 0x0445 },
	{ 0x0426, 0x0446 },
	{ 0x0427, 0x0447 },
	{ 0x0428, 0x0448 },
	{ 0x0429, 0x0449 },
	{ 0x042A, 0x044A },
	{ 0x042B, 0x044B },
	{ 0x042C, 0x044C },
	{ 0x042D, 0x044D },
	{ 0x042E, 0x044E },
	{ 0x042F, 0x044F },
	{ 0x0460, 0x0461 },
	{ 0x0462, 0x0463 },
	{ 0x0464, 0x0465 },
	{ 0x0466, 0x0467 },
	{ 0x0468, 0x0469 },
	{ 0x046A, 0x046B },
	{ 0x046C, 0x046D },
	{ 0x046E, 0x046F },
	{ 0x0470, 0x0471 },
	{ 0x0472, 0x0473 },
	{ 0x0474, 0x0475 },
	{ 0x0476, 0x0477 },
	{ 0x0478, 0x0479 },
	{ 0x047A, 0x047B },
	{ 0x047C, 0x047D },
	{ 0x047E, 0x047F },
	{ 0x0480, 0x0481 },
	{ 0x048A, 0x048B },
	{ 0x048C, 0x048D },
	{ 0x048E, 0x048F },
	{ 0x0490, 0x0491 },
	{ 0x0492, 0x0493 },
	{ 0x0494, 0x0495 },
	{ 0x0496, 0x0497 },
	{ 0x0498, 0x0499 },
	{ 0x049A, 0x049B },
	{ 0x049C, 0x049D },
	{ 0x049E, 0x049F },
	{ 0x04A0, 0x04A1 },
	{ 0x04A2, 0x04A3 },
	{ 0x04A4, 0x04A5 },
	{ 0x04A6, 0x04A7 },
	{ 0x04A8, 0x04A9 },
	{ 0x04AA, 0x04AB },
	{ 0x04AC, 0x04AD },
	{ 0x04AE, 0x04AF },
	{ 0x04B0, 0x04B1 },
	{ 0x04B2, 0x04B3 },
	{ 0x04B4, 0x04B5 },
	{ 0x04B6, 0x04B7 },
	{ 0x04B8, 0x04B9 },
	{ 0x04BA, 0x04BB },
	{ 0x04BC, 0x04BD },
	{ 0x04BE, 0x04BF },
	{ 0x04C0, 0x04CF },
	{ 0x04C1, 0x04C2 },
	{ 0x04C3, 0x04C4 },
	{ 0x04C5, 0x04C6 },
	{ 0x04C7, 0x04C8 },
	{ 0x04C9, 0x04CA },
	{ 0x04CB, 0x04CC },
	{ 0x04CD, 0x04CE },
	{ 0x04D0, 0x04D1 },
	{ 0x04D2, 0x04D3 },
	{ 0x04D4, 0x04D5 },
	{ 0x04D6, 0x04D7 },
	{ 0x04D8, 0x04D9 },
	{ 0x04DA, 0x04DB },
	{ 0x04DC, 0x04DD },
	{ 0x04DE, 0x04DF },
	{ 0x04E0, 0x04E1 },
	{ 0x04E2, 0x04E3 },
	{ 0x04E4, 0x04E5 },
	{ 0x04E6, 0x04E7 },
	{ 0x04E8, 0x04E9 },
	{ 0x04EA, 0x04EB },
	{ 0x04EC, 0x04ED },
	{ 0x04EE, 0x04EF },
	{ 0x04F0, 0x04F1 },
	{ 0x04F2, 0x04F3 },
	{ 0x04F4, 0x04F5 },
	{ 0x04F6, 0x04F7 },
	{ 0x04F8, 0x04F9 },
	{ 0x04FA, 0x04FB },
	{ 0x04FC, 0x04FD },
	{ 0x04FE, 0x04FF },
	{ 0x0500, 0x0501 },
	{ 0x0502, 0x0503 },
	{ 0x0504, 0x0505 },
	{ 0x0506, 0x0507 },
	{ 0x0508, 0x0509 },
	{ 0x050A, 0x050B },
	{ 0x050C, 0x050D },
	{ 0x050E, 0x050F },
	{ 0x0510, 0x0511 },
	{ 0x0512, 0x0513 },
	{ 0x0514, 0x0515 },
	{ 0x0516, 0x0517 },
	{ 0x0518, 0x0519 },
	{ 0x051A, 0x051B },
	{ 0x051C, 0x051D },
	{ 0x051E, 0x051F },
	{ 0x0520, 0x0521 },
	{ 0x0522, 0x0523 },
	{ 0x0524, 0x0525 },
	{ 0x0526, 0x0527 },
	{ 0x0528, 0x0529 },
	{ 0x052A, 0x052B },
	{ 0x052C, 0x052D },
	{ 0x052E, 0x052F },
	{ 0x0531, 0x0561 },
	{ 0x0532, 0x0562 },
	{ 0x0533, 0x0563 },
	{ 0x0534, 0x0564 },
	{ 0x0535, 0x0565 },
	{ 0x0536, 0x0566 },
	{ 0x0537, 0x0567 },
	{ 0x0538, 0x0568 },
	{ 0x0539, 0x0569 },
	{ 0x053A, 0x056A },
	{ 0x053B, 0x056B },
	{ 0x053C, 0x056C },
	{ 0x053D, 0x056D },
	{ 0x053E, 0x056E },
	{ 0x053F, 0x056F },
	{ 0x0540, 0x0570 },
	{ 0x0541, 0x0571 },
	{ 0x0542, 0x0572 },
	{ 0x0543, 0x0573 },
	{ 0x0544, 0x0574 },
	{ 0x0545, 0x0575 },
	{ 0x0546, 0x0576 },
	{ 0x0547, 0x0577 },
	{ 0x0548, 0x0578 },
	{ 0x0549, 0x0579 },
	{ 0x054A, 0x057A },
	{ 0x054B, 0x057B },
	{ 0x054C, 0x057C },
	{ 0x054D, 0x057D },
	{ 0x054E, 0x057E },
	{ 0x054F, 0x057F },
	{ 0x0550, 0x0580 },
	{ 0x0551, 0x0581 },
	{ 0x0552, 0x0582 },
	{ 0x0553, 0x0583 },
	{ 0x0554, 0x0584 },
	{ 0x0555, 0x0585 },
	{ 0x0556, 0x0586 },
	{ 0x10A0, 0x2D00 },
	{ 0x10A1, 0x2D01 },
	{ 0x10A2, 0x2D02 },
	{ 0x10A3, 0x2D03 },
	{ 0x10A4, 0x2D04 },
	{ 0x10A5, 0x2D05 },
	{ 0x10A6, 0x2D06 },
	{ 0x10A7, 0x2D07 },
	{ 0x10A8, 0x2D08 },
	{ 0x10A9, 0x2D09 },
	{ 0x10AA, 0x2D0A },
	{ 0x10AB, 0x2D0B },
	{ 0x10AC, 0x2D0C },
	{ 0x10AD, 0x2D0D },
	{ 0x10AE, 0x2D0E },
	{ 0x10AF, 0x2D0F },
	{ 0x10B0, 0x2D10 },
	{ 0x10B1, 0x2D11 },
	{ 0x10B2, 0x2D12 },
	{ 0x10B3, 0x2D13 },
	{ 0x10B4, 0x2D14 },
	{ 0x10B5, 0x2D15 },
	{ 0x10B6, 0x2D16 },
	{ 0x10B7, 0x2D17 },
	{ 0x10B8, 0x2D18 },
	{ 0x10B9, 0x2D19 },
	{ 0x10BA, 0x2D1A },
	{ 0x10BB, 0x2D1B },
	{ 0x10BC, 0x2D1C },
	{ 0x10BD, 0x2D1D },
	{ 0x10BE, 0x2D1E },
	{ 0x10BF, 0x2D1F },
	{ 0x10C0, 0x2D20 },
	{ 0x10C1, 0x2D21 },
	{ 0x10C2, 0x2D22 },
	{ 0x10C3, 0x2D23 },
	{ 0x10C4, 0x2D24 },
	{ 0x10C5, 0x2D25 },
	{ 0x10C7, 0x2D27 },
	{ 0x10CD, 0x2D2D },
	{ 0x13A0, 0xAB70 },
	{ 0x13A1, 0xAB71 },
	{ 0x13A2, 0xAB72 },
	{ 0x13A3, 0xAB73 },
	{ 0x13A4, 0xAB74 },
	{ 0x13A5, 0xAB75 },
	{ 0x13A6, 0xAB76 },
	{ 0x13A7, 0xAB77 },
	{ 0x13A8, 0xAB78 },
	{ 0x13A9, 0xAB79 },
	{ 0x13AA, 0xAB7A },
	{ 0x13AB, 0xAB7B },
	{ 0x13AC, 0xAB7C },
	{ 0x13AD, 0xAB7D },
	{ 0x13AE, 0xAB7E },
	{ 0x13AF, 0xAB7F },
	{ 0x13B0, 0xAB80 },
	{ 0x13B1, 0xAB81 },
	{ 0x13B2, 0xAB82 },
	{ 0x13B3, 0xAB83 },
	{ 0x13B4, 0xAB84 },
	{ 0x13B5, 0xAB85 },
	{ 0x13B6, 0xAB86 },
	{ 0x13B7, 0xAB87 },
	{ 0x13B8, 0xAB88 },
	{ 0x13B9, 0xAB89 },
	{ 0x13BA, 0xAB8A },
	{ 0x13BB, 0xAB8B },
	{ 0x13BC, 0xAB8C },
	{ 0x13BD, 0xAB8D },
	{ 0x13BE, 0xAB8E },
	{ 0x13BF, 0xAB8F },
	{ 0x13C0, 0xAB90 },
	{ 0x13C1, 0xAB91 },
	{ 0x13C2, 0xAB92 },
	{ 0x13C3, 0xAB93 },
	{ 0x13C4, 0xAB94 },
	{ 0x13C5, 0xAB95 },
	{ 0x13C6, 0xAB96 },
	{ 0x13C7, 0xAB97 },
	{ 0x13C8, 0xAB98 },
	{ 0x13C9, 0xAB99 },
	{ 0x13CA, 0xAB9A },
	{ 0x13CB, 0xAB9B },
	{ 0x13CC, 0xAB9C },
	{ 0x13CD, 0xAB9D },
	{ 0x13CE, 0xAB9E },
	{ 0x13CF, 0xAB9F },
	{ 0x13D0, 0xABA0 },
	{ 0x13D1, 0xABA1 },
	{ 0x13D2, 0xABA2 },
	{ 0x13D3, 0xABA3 },
	{ 0x13D4, 0xABA4 },
	{ 0x13D5, 0xABA5 },
	{ 0x13D6, 0xABA6 },
	{ 0x13D7, 0xABA7 },
	{ 0x13D8, 0xABA8 },
	{ 0x13D9, 0xABA9 },
	{ 0x13DA, 0xABAA },
	{ 0x13DB, 0xABAB },
	{ 0x13DC, 0xABAC },
	{ 0x13DD, 0xABAD },
	{ 0x13DE, 0xABAE },
	{ 0x13DF, 0xABAF },
	{ 0x13E0, 0xABB0 },
	{ 0x13E1, 0xABB1 },
	{ 0x13E2, 0xABB2 },
	{ 0x13E3, 0xABB3 },
	{ 0x13E4, 0xABB4 },
	{ 0x13E5, 0xABB5 },
	{ 0x13E6, 0xABB6 },
	{ 0x13E7, 0xABB7 },
	{ 0x13E8, 0xABB8 },
	{ 0x13E9, 0xABB9 },
	{ 0x13EA, 0xABBA },
	{ 0x13EB, 0xABBB },
	{ 0x13EC, 0xABBC },
	{ 0x13ED, 0xABBD },
	{ 0x13EE, 0xABBE },
	{ 0x13EF, 0xABBF },
	{ 0x13F0, 0x13F8 },
	{ 0x13F1, 0x13F9 },
	{ 0x13F2, 0x13FA },
	{ 0x13F3, 0x13FB },
	{ 0x13F4, 0x13FC },
	{ 0x13F5, 0x13FD },
	{ 0x1C89, 0x1C8A },
	{ 0x1C90, 0x10D0 },
	{ 0x1C91, 0x10D1 },
	{ 0x1C92, 0x10D2 },
	{ 0x1C93, 0x10D3 },
	{ 0x1C94, 0x10D4 },
	{ 0x1C95, 0x10D5 },
	{ 0x1C96, 0x10D6 },
	{ 0x1C97, 0x10D7 },
	{ 0x1C98, 0x10D8 },
	{ 0x1C99, 0x10D9 },
	{ 0x1C9A, 0x10DA },
	{ 0x1C9B, 0x10DB },
	{ 0x1C9C, 0x10DC },
	{ 0x1C9D, 0x10DD },
	{ 0x1C9E, 0x10DE },
	{ 0x1C9F, 0x10DF },
	{ 0x1CA0, 0x10E0 },
	{ 0x1CA1, 0x10E1 },
	{ 0x1CA2, 0x10E2 },
	{ 0x1CA3, 0x10E3 },
	{ 0x1CA4, 0x10E4 },
	{ 0x1CA5, 0x10E5 },
	{ 0x1CA6, 0x10E6 },
	{ 0x1CA7, 0x10E7 },
	{ 0x1CA8, 0x10E8 },
	{ 0x1CA9, 0x10E9 },
	{ 0x1CAA, 0x10EA },
	{ 0x1CAB, 0x10EB },
	{ 0x1CAC, 0x10EC },
	{ 0x1CAD, 0x10ED },
	{ 0x1CAE, 0x10EE },
	{ 0x1CAF, 0x10EF },
	{ 0x1CB0, 0x10F0 },
	{ 0x1CB1, 0x10F1 },
	{ 0x1CB2, 0x10F2 },
	{ 0x1CB3, 0x10F3 },
	{ 0x1CB4, 0x10F4 },
	{ 0x1CB5, 0x10F5 },
	{ 0x1CB6, 0x10F6 },
	{ 0x1CB7, 0x10F7 },
	{ 0x1CB8, 0x10F8 },
	{ 0x1CB9, 0x10F9 },
	{ 0x1CBA, 0x10FA },
	{ 0x1CBD, 0x10FD },
	{ 0x1CBE, 0x10FE },
	{ 0x1CBF, 0x10FF },
	{ 0x1E00, 0x1E01 },
	{ 0x1E02, 0x1E03 },
	{ 0x1E04, 0x1E05 },
	{ 0x1E06, 0x1E07 },
	{ 0x1E08, 0x1E09 },
	{ 0x1E0A, 0x1E0B },
	{ 0x1E0C, 0x1E0D },
	{ 0x1E0E, 0x1E0F },
	{ 0x1E10, 0x1E11 },
	{ 0x1E12, 0x1E13 },
	{ 0x1E14, 0x1E15 },
	{ 0x1E16, 0x1E17 },
	{ 0x1E18, 0x1E19 },
	{ 0x1E1A, 0x1E1B },
	{ 0x1E1C, 0x1E1D },
	{ 0x1E1E, 0x1E1F },
	{ 0x1E20, 0x1E21 },
	{ 0x1E22, 0x1E23 },
	{ 0x1E24, 0x1E25 },
	{ 0x1E26, 0x1E27 },
	{ 0x1E28, 0x1E29 },
	{ 0x1E2A, 0x1E2B },
	{ 0x1E2C, 0x1E2D },
	{ 0x1E2E, 0x1E2F },
	{ 0x1E30, 0x1E31 },
	{ 0x1E32, 0x1E33 },
	{ 0x1E34, 0x1E35 },
	{ 0x1E36, 0x1E37 },
	{ 0x1E38, 0x1E39 },
	{ 0x1E3A, 0x1E3B },
	{ 0x1E3C, 0x1E3D },
	{ 0x1E3E, 0x1E3F },
	{ 0x1E40, 0x1E41 },
	{ 0x1E42, 0x1E43 },
	{ 0x1E44, 0x1E45 },
	{ 0x1E46, 0x1E47 },
	{ 0x1E48, 0x1E49 },
	{ 0x1E4A, 0x1E4B },
	{ 0x1E4C, 0x1E4D },
	{ 0x1E4E, 0x1E4F },
	{ 0x1E50, 0x1E51 },
	{ 0x1E52, 0x1E53 },
	{ 0x1E54, 0x1E55 },
	{ 0x1E56, 0x1E57 },
	{ 0x1E58, 0x1E59 },
	{ 0x1E5A, 0x1E5B },
	{ 0x1E5C, 0x1E5D },
	{ 0x1E5E, 0x1E5F },
	{ 0x1E60, 0x1E61 },
	{ 0x1E62, 0x1E63 },
	{ 0x1E64, 0x1E65 },
	{ 0x1E66, 0x1E67 },
	{ 0x1E68, 0x1E69 },
	{ 0x1E6A, 0x1E6B },
	{ 0x1E6C, 0x1E6D },
	{ 0x1E6E, 0x1E6F },
	{ 0x1E70, 0x1E71 },
	{ 0x1E72, 0x1E73 },
	{ 0x1E74, 0x1E75 },
	{ 0x1E76, 0x1E77 },
	{ 0x1E78, 0x1E79 },
	{ 0x1E7A, 0x1E7B },
	{ 0x1E7C, 0x1E7D },
	{ 0x1E7E, 0x1E7F },
	{ 0x1E80, 0x1E81 },
	{ 0x1E82, 0x1E83 },
	{ 0x1E84, 0x1E85 },
	{ 0x1E86, 0x1E87 },
	{ 0x1E88, 0x1E89 },
	{ 0x1E8A, 0x1E8B },
	{ 0x1E8C, 0x1E8D },
	{ 0x1E8E, 0x1E8F },
	{ 0x1E90, 0x1E91 },
	{ 0x1E92, 0x1E93 },
	{ 0x1E94, 0x1E95 },
	{ 0x1E9E, 0x00DF },
	{ 0x1EA0, 0x1EA1 },
	{ 0x1EA2, 0x1EA3 },
	{ 0x1EA4, 0x1EA5 },
	{ 0x1EA6, 0x1EA7 },
	{ 0x1EA8, 0x1EA9 },
	{ 0x1EAA, 0x1EAB },
	{ 0x1EAC, 0x1EAD },
	{ 0x1EAE, 0x1EAF },
	{ 0x1EB0, 0x1EB1 },
	{ 0x1EB2, 0x1EB3 },
	{ 0x1EB4, 0x1EB5 },
	{ 0x1EB6, 0x1EB7 },
	{ 0x1EB8, 0x1EB9 },
	{ 0x1EBA, 0x1EBB },
	{ 0x1EBC, 0x1EBD },
	{ 0x1EBE, 0x1EBF },
	{ 0x1EC0, 0x1EC1 },
	{ 0x1EC2, 0x1EC3 },
	{ 0x1EC4, 0x1EC5 },
	{ 0x1EC6, 0x1EC7 },
	{ 0x1EC8, 0x1EC9 },
	{ 0x1ECA, 0x1ECB },
	{ 0x1ECC, 0x1ECD },
	{ 0x1ECE, 0x1ECF },
	{ 0x1ED0, 0x1ED1 },
	{ 0x1ED2, 0x1ED3 },
	{ 0x1ED4, 0x1ED5 },
	{ 0x1ED6, 0x1ED7 },
	{ 0x1ED8, 0x1ED9 },
	{ 0x1EDA, 0x1EDB },
	{ 0x1EDC, 0x1EDD },
	{ 0x1EDE, 0x1EDF },
	{ 0x1EE0, 0x1EE1 },
	{ 0x1EE2, 0x1EE3 },
	{ 0x1EE4, 0x1EE5 },
	{ 0x1EE6, 0x1EE7 },
	{ 0x1EE8, 0x1EE9 },
	{ 0x1EEA, 0x1EEB },
	{ 0x1EEC, 0x1EED },
	{ 0x1EEE, 0x1EEF },
	{ 0x1EF0, 0x1EF1 },
	{ 0x1EF2, 0x1EF3 },
	{ 0x1EF4, 0x1EF5 },
	{ 0x1EF6, 0x1EF7 },
	{ 0x1EF8, 0x1EF9 },
	{ 0x1EFA, 0x1EFB },
	{ 0x1EFC, 0x1EFD },
	{ 0x1EFE, 0x1EFF },
	{ 0x1F08, 0x1F00 },
	{ 0x1F09, 0x1F01 },
	{ 0x1F0A, 0x1F02 },
	{ 0x1F0B, 0x1F03 },
	{ 0x1F0C, 0x1F04 },
	{ 0x1F0D, 0x1F05 },
	{ 0x1F0E, 0x1F06 },
	{ 0x1F0F, 0x1F07 },
	{ 0x1F18, 0x1F10 },
	{ 0x1F19, 0x1F11 },
	{ 0x1F1A, 0x1F12 },
	{ 0x1F1B, 0x1F13 },
	{ 0x1F1C, 0x1F14 },
	{ 0x1F1D, 0x1F15 },
	{ 0x1F28, 0x1F20 },
	{ 0x1F29, 0x1F21 },
	{ 0x1F2A, 0x1F22 },
	{ 0x1F2B, 0x1F23 },
	{ 0x1F2C, 0x1F24 },
	{ 0x1F2D, 0x1F25 },
	{ 0x1F2E, 0x1F26 },
	{ 0x1F2F, 0x1F27 },
	{ 0x1F38, 0x1F30 },
	{ 0x1F39, 0x1F31 },
	{ 0x1F3A, 0x1F32 },
	{ 0x1F3B, 0x1F33 },
	{ 0x1F3C, 0x1F34 },
	{ 0x1F3D, 0x1F35 },
	{ 0x1F3E, 0x1F36 },
	{ 0x1F3F, 0x1F37 },
	{ 0x1F48, 0x1F40 },
	{ 0x1F49, 0x1F41 },
	{ 0x1F4A, 0x1F42 },
	{ 0x1F4B, 0x1F43 },
	{ 0x1F4C, 0x1F44 },
	{ 0x1F4D, 0x1F45 },
	{ 0x1F59, 0x1F51 },
	{ 0x1F5B, 0x1F53 },
	{ 0x1F5D, 0x1F55 },
	{ 0x1F5F, 0x1F57 },
	{ 0x1F68, 0x1F60 },
	{ 0x1F69, 0x1F61 },
	{ 0x1F6A, 0x1F62 },
	{ 0x1F6B, 0x1F63 },
	{ 0x1F6C, 0x1F64 },
	{ 0x1F6D, 0x1F65 },
	{ 0x1F6E, 0x1F66 },
	{ 0x1F6F, 0x1F67 },
	{ 0x1F88, 0x1F80 },
	{ 0x1F89, 0x1F81 },
	{ 0x1F8A, 0x1F82 },
	{ 0x1F8B, 0x1F83 },
	{ 0x1F8C, 0x1F84 },
	{ 0x1F8D, 0x1F85 },
	{ 0x1F8E, 0x1F86 },
	{ 0x1F8F, 0x1F87 },
	{ 0x1F98, 0x1F90 },
	{ 0x1F99, 0x1F91 },
	{ 0x1F9A, 0x1F92 },
	{ 0x1F9B, 0x1F93 },
	{ 0x1F9C, 0x1F94 },
	{ 0x1F9D, 0x1F95 },
	{ 0x1F9E, 0x1F96 },
	{ 0x1F9F, 0x1F97 },
	{ 0x1FA8, 0x1FA0 },
	{ 0x1FA9, 0x1FA1 },
	{ 0x1FAA, 0x1FA2 },
	{ 0x1FAB, 0x1FA3 },
	{ 0x1FAC, 0x1FA4 },
	{ 0x1FAD, 0x1FA5 },
	{ 0x1FAE, 0x1FA6 },
	{ 0x1FAF, 0x1FA7 },
	{ 0x1FB8, 0x1FB0 },
	{ 0x1FB9, 0x1FB1 },
	{ 0x1FBA, 0x1F70 },
	{ 0x1FBB, 0x1F71 },
	{ 0x1FBC, 0x1FB3 },
	{ 0x1FC8, 0x1F72 },
	{ 0x1FC9, 0x1F73 },
	{ 0x1FCA, 0x1F74 },
	{ 0x1FCB, 0x1F75 },
	{ 0x1FCC, 0x1FC3 },
	{ 0x1FD8, 0x1FD0 },
	{ 0x1FD9, 0x1FD1 },
	{ 0x1FDA, 0x1F76 },
	{ 0x1FDB, 0x1F77 },
	{ 0x1FE8, 0x1FE0 },
	{ 0x1FE9, 0x1FE1 },
	{ 0x1FEA, 0x1F7A },
	{ 0x1FEB, 0x1F7B },
	{ 0x1FEC, 0x1FE5 },
	{ 0x1FF8, 0x1F78 },
	{ 0x1FF9, 0x1F79 },
	{ 0x1FFA, 0x1F7C },
	{ 0x1FFB, 0x1F7D },
	{ 0x1FFC, 0x1FF3 },
	{ 0x2126, 0x03C9 },
	{ 0x212A, 0x006B },
	{ 0x212B, 0x00E5 },
	{ 0x2132, 0x214E },
	{ 0x2160, 0x2170 },
	{ 0x2161, 0x2171 },
	{ 0x2162, 0x2172 },
	{ 0x2163, 0x2173 },
	{ 0x2164, 0x2174 },
	{ 0x2165, 0x2175 },
	{ 0x2166, 0x2176 },
	{ 0x2167, 0x2177 },
	{ 0x2168, 0x2178 },
	{ 0x2169, 0x2179 },
	{ 0x216A, 0x217A },
	{ 0x216B, 0x217B },
	{ 0x216C, 0x217C },
	{ 0x216D, 0x217D },
	{ 0x216E, 0x217E },
	{ 0x216F, 0x217F },
	{ 0x2183, 0x2184 },
	{ 0x24B6, 0x24D0 },
	{ 0x24B7, 0x24D1 },
	{ 0x24B8, 0x24D2 },
	{ 0x24B9, 0x24D3 },
	{ 0x24BA, 0x24D4 },
	{ 0x24BB, 0x24D5 },
	{ 0x24BC, 0x24D6 },
	{ 0x24BD, 0x24D7 },
	{ 0x24BE, 0x24D8 },
	{ 0x24BF, 0x24D9 },
	{ 0x24C0, 0x24DA },
	{ 0x24C1, 0x24DB },
	{ 0x24C2, 0x24DC },
	{ 0x24C3, 0x24DD },
	{ 0x24C4, 0x24DE },
	{ 0x24C5, 0x24DF },
	{ 0x24C6, 0x24E0 },
	{ 0x24C7, 0x24E1 },
	{ 0x24C8, 0x24E2 },
	{ 0x24C9, 0x24E3 },
	{ 0x24CA, 0x24E4 },
	{ 0x24CB, 0x24E5 },
	{ 0x24CC, 0x24E6 },
	{ 0x24CD, 0x24E7 },
	{ 0x24CE, 0x24E8 },
	{ 0x24CF, 0x24E9 },
	{ 0x2C00, 0x2C30 },
	{ 0x2C01, 0x2C31 },
	{ 0x2C02, 0x2C32 },
	{ 0x2C03, 0x2C33 },
	{ 0x2C04, 0x2C34 },
	{ 0x2C05, 0x2C35 },
	{ 0x2C06, 0x2C36 },
	{ 0x2C07, 0x2C37 },
	{ 0x2C08, 0x2C38 },
	{ 0x2C09, 0x2C39 },
	{ 0x2C0A, 0x2C3A },
	{ 0x2C0B, 0x2C3B },
	{ 0x2C0C, 0x2C3C },
	{ 0x2C0D, 0x2C3D },
	{ 0x2C0E, 0x2C3E },
	{ 0x2C0F, 0x2C3F },
	{ 0x2C10, 0x2C40 },
	{ 0x2C11, 0x2C41 },
	{ 0x2C12, 0x2C42 },
	{ 0x2C13, 0x2C43 },
	{ 0x2C14, 0x2C44 },
	{ 0x2C15, 0x2C45 },
	{ 0x2C16, 0x2C46 },
	{ 0x2C17, 0x2C47 },
	{ 0x2C18, 0x2C48 },
	{ 0x2C19, 0x2C49 },
	{ 0x2C1A, 0x2C4A },
	{ 0x2C1B, 0x2C4B },
	{ 0x2C1C, 0x2C4C },
	{ 0x2C1D, 0x2C4D },
	{ 0x2C1E, 0x2C4E },
	{ 0x2C1F, 0x2C4F },
	{ 0x2C20, 0x2C50 },
	{ 0x2C21, 0x2C51 },
	{ 0x2C22, 0x2C52 },
	{ 0x2C23, 0x2C53 },
	{ 0x2C24, 0x2C54 },
	{ 0x2C25, 0x2C55 },
	{ 0x2C26, 0x2C56 },
	{ 0x2C27, 0x2C57 },
	{ 0x2C28, 0x2C58 },
	{ 0x2C29, 0x2C59 },
	{ 0x2C2A, 0x2C5A },
	{ 0x2C2B, 0x2C5B },
	{ 0x2C2C, 0x2C5C },
	{ 0x2C2D, 0x2C5D },
	{ 0x2C2E, 0x2C5E },
	{ 0x2C2F, 0x2C5F },
	{ 0x2C60, 0x2C61 },
	{ 0x2C62, 0x026B },
	{ 0x2C63, 0x1D7D },
	{ 0x2C64, 0x027D },
	{ 0x2C67, 0x2C68 },
	{ 0x2C69, 0x2C6A },
	{ 0x2C6B, 0x2C6C },
	{ 0x2C6D, 0x0251 },
	{ 0x2C6E, 0x0271 },
	{ 0x2C6F, 0x0250 },
	{ 0x2C70, 0x0252 },
	{ 0x2C72, 0x2C73 },
	{ 0x2C75, 0x2C76 },
	{ 0x2C7E, 0x023F },
	{ 0x2C7F, 0x0240 },
	{ 0x2C80, 0x2C81 },
	{ 0x2C82, 0x2C83 },
	{ 0x2C84, 0x2C85 },
	{ 0x2C86, 0x2C87 },
	{ 0x2C88, 0x2C89 },
	{ 0x2C8A, 0x2C8B },
	{ 0x2C8C, 0x2C8D },
	{ 0x2C8E, 0x2C8F },
	{ 0x2C90, 0x2C91 },
	{ 0x2C92, 0x2C93 },
	{ 0x2C94, 0x2C95 },
	{ 0x2C96, 0x2C97 },
	{ 0x2C98, 0x2C99 },
	{ 0x2C9A, 0x2C9B },
	{ 0x2C9C, 0x2C9D },
	{ 0x2C9E, 0x2C9F },
	{ 0x2CA0, 0x2CA1 },
	{ 0x2CA2, 0x2CA3 },
	{ 0x2CA4, 0x2CA5 },
	{ 0x2CA6, 0x2CA7 },
	{ 0x2CA8, 0x2CA9 },
	{ 0x2CAA, 0x2CAB },
	{ 0x2CAC, 0x2CAD },
	{ 0x2CAE, 0x2CAF },
	{ 0x2CB0, 0x2CB1 },
	{ 0x2CB2, 0x2CB3 },
	{ 0x2CB4, 0x2CB5 },
	{ 0x2CB6, 0x2CB7 },
	{ 0x2CB8, 0x2CB9 },
	{ 0x2CBA, 0x2CBB },
	{ 0x2CBC, 0x2CBD },
	{ 0x2CBE, 0x2CBF },
	{ 0x2CC0, 0x2CC1 },
	{ 0x2CC2, 0x2CC3 },
	{ 0x2CC4, 0x2CC5 },
	{ 0x2CC6, 0x2CC7 },
	{ 0x2CC8, 0x2CC9 },
	{ 0x2CCA, 0x2CCB },
	{ 0x2CCC, 0x2CCD },
	{ 0x2CCE, 0x2CCF },
	{ 0x2CD0, 0x2CD1 },
	{ 0x2CD2, 0x2CD3 },
	{ 0x2CD4, 0x2CD5 },
	{ 0x2CD6, 0x2CD7 },
	{ 0x2CD8, 0x2CD9 },
	{ 0x2CDA, 0x2CDB },
	{ 0x2CDC, 0x2CDD },
	{ 0x2CDE, 0x2CDF },
	{ 0x2CE0, 0x2CE1 },
	{ 0x2CE2, 0x2CE3 },
	{ 0x2CEB, 0x2CEC },
	{ 0x2CED, 0x2CEE },
	{ 0x2CF2, 0x2CF3 },
	{ 0xA640, 0xA641 },
	{ 0xA642, 0xA643 },
	{ 0xA644, 0xA645 },
	{ 0xA646, 0xA647 },
	{ 0xA648, 0xA649 },
	{ 0xA64A, 0xA64B },
	{ 0xA64C, 0xA64D },
	{ 0xA64E, 0xA64F },
	{ 0xA650, 0xA651 },
	{ 0xA652, 0xA653 },
	{ 0xA654, 0xA655 },
	{ 0xA656, 0xA657 },
	{ 0xA658, 0xA659 },
	{ 0xA65A, 0xA65B },
	{ 0xA65C, 0xA65D },
	{ 0xA65E, 0xA65F },
	{ 0xA660, 0xA661 },
	{ 0xA662, 0xA663 },
	{ 0xA664, 0xA665 },
	{ 0xA666, 0xA667 },
	{ 0xA668, 0xA669 },
	{ 0xA66A, 0xA66B },
	{ 0xA66C, 0xA66D },
	{ 0xA680, 0xA681 },
	{ 0xA682, 0xA683 },
	{ 0xA684, 0xA685 },
	{ 0xA686, 0xA687 },
	{ 0xA688, 0xA689 },
	{ 0xA68A, 0xA68B },
	{ 0xA68C, 0xA68D },
	{ 0xA68E, 0xA68F },
	{ 0xA690, 0xA691 },
	{ 0xA692, 0xA693 },
	{ 0xA694, 0xA695 },
	{ 0xA696, 0xA697 },
	{ 0xA698, 0xA699 },
	{ 0xA69A, 0xA69B },
	{ 0xA722, 0xA723 },
	{ 0xA724, 0xA725 },
	{ 0xA726, 0xA727 },
	{ 0xA728, 0xA729 },
	{ 0xA72A, 0xA72B },
	{ 0xA72C, 0xA72D },
	{ 0xA72E, 0xA72F },
	{ 0xA732, 0xA733 },
	{ 0xA734, 0xA735 },
	{ 0xA736, 0xA737 },
	{ 0xA738, 0xA739 },
	{ 0xA73A, 0xA73B },
	{ 0xA73C, 0xA73D },
	{ 0xA73E, 0xA73F },
	{ 0xA740, 0xA741 },
	{ 0xA742, 0xA743 },
	{ 0xA744, 0xA745 },
	{ 0xA746, 0xA747 },
	{ 0xA748, 0xA749 },
	{ 0xA74A, 0xA74B },
	{ 0xA74C, 0xA74D },
	{ 0xA74E, 0xA74F },
	{ 0xA750, 0xA751 },
	{ 0xA752, 0xA753 },
	{ 0xA754, 0xA755 },
	{ 0xA756, 0xA757 },
	{ 0xA758, 0xA759 },
	{ 0xA75A, 0xA75B },
	{ 0xA75C, 0xA75D },
	{ 0xA75E, 0xA75F },
	{ 0xA760, 0xA761 },
	{ 0xA762, 0xA763 },
	{ 0xA764, 0xA765 },
	{ 0xA766, 0xA767 },
	{ 0xA768, 0xA769 },
	{ 0xA76A, 0xA76B },
	{ 0xA76C, 0xA76D },
	{ 0xA76E, 0xA76F },
	{ 0xA779, 0xA77A },
	{ 0xA77B, 0xA77C },
	{ 0xA77D, 0x1D79 },
	{ 0xA77E, 0xA77F },
	{ 0xA780, 0xA781 },
	{ 0xA782, 0xA783 },
	{ 0xA784, 0xA785 },
	{ 0xA786, 0xA787 },
	{ 0xA78B, 0xA78C },
	{ 0xA78D, 0x0265 },
	{ 0xA790, 0xA791 },
	{ 0xA792, 0xA793 },
	{ 0xA796, 0xA797 },
	{ 0xA798, 0xA799 },
	{ 0xA79A, 0xA79B },
	{ 0xA79C, 0xA79D },
	{ 0xA79E, 0xA79F },
	{ 0xA7A0, 0xA7A1 },
	{ 0xA7A2, 0xA7A3 },
	{ 0xA7A4, 0xA7A5 },
	{ 0xA7A6, 0xA7A7 },
	{ 0xA7A8, 0xA7A9 },
	{ 0xA7AA, 0x0266 },
	{ 0xA7AB, 0x025C },
	{ 0xA7AC, 0x0261 },
	{ 0xA7AD, 0x026C },
	{ 0xA7AE, 0x026A },
	{ 0xA7B0, 0x029E },
	{ 0xA7B1, 0x0287 },
	{ 0xA7B2, 0x029D },
	{ 0xA7B3, 0xAB53 },
	{ 0xA7B4, 0xA7B5 },
	{ 0xA7B6, 0xA7B7 },
	{ 0xA7B8, 0xA7B9 },
	{ 0xA7BA, 0xA7BB },
	{ 0xA7BC, 0xA7BD },
	{ 0xA7BE, 0xA7BF },
	{ 0xA7C0, 0xA7C1 },
	{ 0xA7C2, 0xA7C3 },
	{ 0xA7C4, 0xA794 },
	{ 0xA7C5, 0x0282 },
	{ 0xA7C6, 0x1D8E },
	{ 0xA7C7, 0xA7C8 },
	{ 0xA7C9, 0xA7CA },
	{ 0xA7CB, 0x0264 },
	{ 0xA7CC, 0xA7CD },
	{ 0xA7D0, 0xA7D1 },
	{ 0xA7D6, 0xA7D7 },
	{ 0xA7D8, 0xA7D9 },
	{ 0xA7DA, 0xA7DB },
	{ 0xA7DC, 0x019B },
	{ 0xA7F5, 0xA7F6 },
	{ 0xFF21, 0xFF41 },
	{ 0xFF22, 0xFF42 },
	{ 0xFF23, 0xFF43 },
	{ 0xFF24, 0xFF44 },
	{ 0xFF25, 0xFF45 },
	{ 0xFF26, 0xFF46 },
	{ 0xFF27, 0xFF47 },
	{ 0xFF28, 0xFF48 },
	{ 0xFF29, 0xFF49 },
	{ 0xFF2A, 0xFF4A },
	{ 0xFF2B, 0xFF4B },
	{ 0xFF2C, 0xFF4C },
	{ 0xFF2D, 0xFF4D },
	{ 0xFF2E, 0xFF4E },
	{ 0xFF2F, 0xFF4F },
	{ 0xFF30, 0xFF50 },
	{ 0xFF31, 0xFF51 },
	{ 0xFF32, 0xFF52 },
	{ 0xFF33, 0xFF53 },
	{ 0xFF34, 0xFF54 },
	{ 0xFF35, 0xFF55 },
	{ 0xFF36, 0xFF56 },
	{ 0xFF37, 0xFF57 },
	{ 0xFF38, 0xFF58 },
	{ 0xFF39, 0xFF59 },
	{ 0xFF3A, 0xFF5A },
	{ 0x10400, 0x10428 },
	{ 0x10401, 0x10429 },
	{ 0x10402, 0x1042A },
	{ 0x10403, 0x1042B },
	{ 0x10404, 0x1042C },
	{ 0x10405, 0x1042D },
	{ 0x10406, 0x1042E },
	{ 0x10407, 0x1042F },
	{ 0x10408, 0x10430 },
	{ 0x10409, 0x10431 },
	{ 0x1040A, 0x10432 },
	{ 0x1040B, 0x10433 },
	{ 0x1040C, 0x10434 },
	{ 0x1040D, 0x10435 },
	{ 0x1040E, 0x10436 },
	{ 0x1040F, 0x10437 },
	{ 0x10410, 0x10438 },
	{ 0x10411, 0x10439 },
	{ 0x10412, 0x1043A },
	{ 0x10413, 0x1043B },
	{ 0x10414, 0x1043C },
	{ 0x10415, 0x1043D },
	{ 0x10416, 0x1043E },
	{ 0x10417, 0x1043F },
	{ 0x10418, 0x10440 },
	{ 0x10419, 0x10441 },
	{ 0x1041A, 0x10442 },
	{ 0x1041B, 0x10443 },
	{ 0x1041C, 0x10444 },
	{ 0x1041D, 0x10445 },
	{ 0x1041E, 0x10446 },
	{ 0x1041F, 0x10447 },
	{ 0x10420, 0x10448 },
	{ 0x10421, 0x10449 },
	{ 0x10422, 0x1044A },
	{ 0x10423, 0x1044B },
	{ 0x10424, 0x1044C },
	{ 0x10425, 0x1044D },
	{ 0x10426, 0x1044E },
	{ 0x10427, 0x1044F },
	{ 0x104B0, 0x104D8 },
	{ 0x104B1, 0x104D9 },
	{ 0x104B2, 0x104DA },
	{ 0x104B3, 0x104DB },
	{ 0x104B4, 0x104DC },
	{ 0x104B5, 0x104DD },
	{ 0x104B6, 0x104DE },
	{ 0x104B7, 0x104DF },
	{ 0x104B8, 0x104E0 },
	{ 0x104B9, 0x104E1 },
	{ 0x104BA, 0x104E2 },
	{ 0x104BB, 0x104E3 },
	{ 0x104BC, 0x104E4 },
	{ 0x104BD, 0x104E5 },
	{ 0x104BE, 0x104E6 },
	{ 0x104BF, 0x104E7 },
	{ 0x104C0, 0x104E8 },
	{ 0x104C1, 0x104E9 },
	{ 0x104C2, 0x104EA },
	{ 0x104C3, 0x104EB },
	{ 0x104C4, 0x104EC },
	{ 0x104C5, 0x104ED },
	{ 0x104C6, 0x104EE },
	{ 0x104C7, 0x104EF },
	{ 0x104C8, 0x104F0 },
	{ 0x104C9, 0x104F1 },
	{ 0x104CA, 0x104F2 },
	{ 0x104CB, 0x104F3 },
	{ 0x104CC, 0x104F4 },
	{ 0x104CD, 0x104F5 },
	{ 0x104CE, 0x104F6 },
	{ 0x104CF, 0x104F7 },
	{ 0x104D0, 0x104F8 },
	{ 0x104D1, 0x104F9 },
	{ 0x104D2, 0x104FA },
	{ 0x104D3, 0x104FB },
	{ 0x10570, 0x10597 },
	{ 0x10571, 0x10598 },
	{ 0x10572, 0x10599 },
	{ 0x10573, 0x1059A },
	{ 0x10574, 0x1059B },
	{ 0x10575, 0x1059C },
	{ 0x10576, 0x1059D },
	{ 0x10577, 0x1059E },
	{ 0x10578, 0x1059F },
	{ 0x10579, 0x105A0 },
	{ 0x1057A, 0x105A1 },
	{ 0x1057C, 0x105A3 },
	{ 0x1057D, 0x105A4 },
	{ 0x1057E, 0x105A5 },
	{ 0x1057F, 0x105A6 },
	{ 0x10580, 0x105A7 },
	{ 0x10581, 0x105A8 },
	{ 0x10582, 0x105A9 },
	{ 0x10583, 0x105AA },
	{ 0x10584, 0x105AB },
	{ 0x10585, 0x105AC },
	{ 0x10586, 0x105AD },
	{ 0x10587, 0x105AE },
	{ 0x10588, 0x105AF },
	{ 0x10589, 0x105B0 },
	{ 0x1058A, 0x105B1 },
	{ 0x1058C, 0x105B3 },
	{ 0x1058D, 0x105B4 },
	{ 0x1058E, 0x105B5 },
	{ 0x1058F, 0x105B6 },
	{ 0x10590, 0x105B7 },
	{ 0x10591, 0x105B8 },
	{ 0x10592, 0x105B9 },
	{ 0x10594, 0x105BB },
	{ 0x10595, 0x105BC },
	{ 0x10C80, 0x10CC0 },
	{ 0x10C81, 0x10CC1 },
	{ 0x10C82, 0x10CC2 },
	{ 0x10C83, 0x10CC3 },
	{ 0x10C84, 0x10CC4 },
	{ 0x10C85, 0x10CC5 },
	{ 0x10C86, 0x10CC6 },
	{ 0x10C87, 0x10CC7 },
	{ 0x10C88, 0x10CC8 },
	{ 0x10C89, 0x10CC9 },
	{ 0x10C8A, 0x10CCA },
	{ 0x10C8B, 0x10CCB },
	{ 0x10C8C, 0x10CCC },
	{ 0x10C8D, 0x10CCD },
	{ 0x10C8E, 0x10CCE },
	{ 0x10C8F, 0x10CCF },
	{ 0x10C90, 0x10CD0 },
	{ 0x10C91, 0x10CD1 },
	{ 0x10C92, 0x10CD2 },
	{ 0x10C93, 0x10CD3 },
	{ 0x10C94, 0x10CD4 },
	{ 0x10C95, 0x10CD5 },
	{ 0x10C96, 0x10CD6 },
	{ 0x10C97, 0x10CD7 },
	{ 0x10C98, 0x10CD8 },
	{ 0x10C99, 0x10CD9 },
	{ 0x10C9A, 0x10CDA },
	{ 0x10C9B, 0x10CDB },
	{ 0x10C9C, 0x10CDC },
	{ 0x10C9D, 0x10CDD },
	{ 0x10C9E, 0x10CDE },
	{ 0x10C9F, 0x10CDF },
	{ 0x10CA0, 0x10CE0 },
	{ 0x10CA1, 0x10CE1 },
	{ 0x10CA2, 0x10CE2 },
	{ 0x10CA3, 0x10CE3 },
	{ 0x10CA4, 0x10CE4 },
	{ 0x10CA5, 0x10CE5 },
	{ 0x10CA6, 0x10CE6 },
	{ 0x10CA7, 0x10CE7 },
	{ 0x10CA8, 0x10CE8 },
	{ 0x10CA9, 0x10CE9 },
	{ 0x10CAA, 0x10CEA },
	{ 0x10CAB, 0x10CEB },
	{ 0x10CAC, 0x10CEC },
	{ 0x10CAD, 0x10CED },
	{ 0x10CAE, 0x10CEE },
	{ 0x10CAF, 0x10CEF },
	{ 0x10CB0, 0x10CF0 },
	{ 0x10CB1, 0x10CF1 },
	{ 0x10CB2, 0x10CF2 },
	{ 0x10D50, 0x10D70 },
	{ 0x10D51, 0x10D71 },
	{ 0x10D52, 0x10D72 },
	{ 0x10D53, 0x10D73 },
	{ 0x10D54, 0x10D74 },
	{ 0x10D55, 0x10D75 },
	{ 0x10D56, 0x10D76 },
	{ 0x10D57, 0x10D77 },
	{ 0x10D58, 0x10D78 },
	{ 0x10D59, 0x10D79 },
	{ 0x10D5A, 0x10D7A },
	{ 0x10D5B, 0x10D7B },
	{ 0x10D5C, 0x10D7C },
	{ 0x10D5D, 0x10D7D },
	{ 0x10D5E, 0x10D7E },
	{ 0x10D5F, 0x10D7F },
	{ 0x10D60, 0x10D80 },
	{ 0x10D61, 0x10D81 },
	{ 0x10D62, 0x10D82 },
	{ 0x10D63, 0x10D83 },
	{ 0x10D64, 0x10D84 },
	{ 0x10D65, 0x10D85 },
	{ 0x118A0, 0x118C0 },
	{ 0x118A1, 0x118C1 },
	{ 0x118A2, 0x118C2 },
	{ 0x118A3, 0x118C3 },
	{ 0x118A4, 0x118C4 },
	{ 0x118A5, 0x118C5 },
	{ 0x118A6, 0x118C6 },
	{ 0x118A7, 0x118C7 },
	{ 0x118A8, 0x118C8 },
	{ 0x118A9, 0x118C9 },
	{ 0x118AA, 0x118CA },
	{ 0x118AB, 0x118CB },
	{ 0x118AC, 0x118CC },
	{ 0x118AD, 0x118CD },
	{ 0x118AE, 0x118CE },
	{ 0x118AF, 0x118CF },
	{ 0x118B0, 0x118D0 },
	{ 0x118B1, 0x118D1 },
	{ 0x118B2, 0x118D2 },
	{ 0x118B3, 0x118D3 },
	{ 0x118B4, 0x118D4 },
	{ 0x118B5, 0x118D5 },
	{ 0x118B6, 0x118D6 },
	{ 0x118B7, 0x118D7 },
	{ 0x118B8, 0x118D8 },
	{ 0x118B9, 0x118D9 },
	{ 0x118BA, 0x118DA },
	{ 0x118BB, 0x118DB },
	{ 0x118BC, 0x118DC },
	{ 0x118BD, 0x118DD },
	{ 0x118BE, 0x118DE },
	{ 0x118BF, 0x118DF },
	{ 0x16E40, 0x16E60 },
	{ 0x16E41, 0x16E61 },
	{ 0x16E42, 0x16E62 },
	{ 0x16E43, 0x16E63 },
	{ 0x16E44, 0x16E64 },
	{ 0x16E45, 0x16E65 },
	{ 0x16E46, 0x16E66 },
	{ 0x16E47, 0x16E67 },
	{ 0x16E48, 0x16E68 },
	{ 0x16E49, 0x16E69 },
	{ 0x16E4A, 0x16E6A },
	{ 0x16E4B, 0x16E6B },
	{ 0x16E4C, 0x16E6C },
	{ 0x16E4D, 0x16E6D },
	{ 0x16E4E, 0x16E6E },
	{ 0x16E4F, 0x16E6F },
	{ 0x16E50, 0x16E70 },
	{ 0x16E51, 0x16E71 },
	{ 0x16E52, 0x16E72 },
	{ 0x16E53, 0x16E73 },
	{ 0x16E54, 0x16E74 },
	{ 0x16E55, 0x16E75 },
	{ 0x16E56, 0x16E76 },
	{ 0x16E57, 0x16E77 },
	{ 0x16E58, 0x16E78 },
	{ 0x16E59, 0x16E79 },
	{ 0x16E5A, 0x16E7A },
	{ 0x16E5B, 0x16E7B },
	{ 0x16E5C, 0x16E7C },
	{ 0x16E5D, 0x16E7D },
	{ 0x16E5E, 0x16E7E },
	{ 0x16E5F, 0x16E7F },
	{ 0x1E900, 0x1E922 },
	{ 0x1E901, 0x1E923 },
	{ 0x1E902, 0x1E924 },
	{ 0x1E903, 0x1E925 },
	{ 0x1E904, 0x1E926 },
	{ 0x1E905, 0x1E927 },
	{ 0x1E906, 0x1E928 },
	{ 0x1E907, 0x1E929 },
	{ 0x1E908, 0x1E92A },
	{ 0x1E909, 0x1E92B },
	{ 0x1E90A, 0x1E92C },
	{ 0x1E90B, 0x1E92D },
	{ 0x1E90C, 0x1E92E },
	{ 0x1E90D, 0x1E92F },
	{ 0x1E90E, 0x1E930 },
	{ 0x1E90F, 0x1E931 },
	{ 0x1E910, 0x1E932 },
	{ 0x1E911, 0x1E933 },
	{ 0x1E912, 0x1E934 },
	{ 0x1E913, 0x1E935 },
	{ 0x1E914, 0x1E936 },
	{ 0x1E915, 0x1E937 },
	{ 0x1E916, 0x1E938 },
	{ 0x1E917, 0x1E939 },
	{ 0x1E918, 0x1E93A },
	{ 0x1E919, 0x1E93B },
	{ 0x1E91A, 0x1E93C },
	{ 0x1E91B, 0x1E93D },
	{ 0x1E91C, 0x1E93E },
	{ 0x1E91D, 0x1E93F },
	{ 0x1E91E, 0x1E940 },
	{ 0x1E91F, 0x1E941 },
	{ 0x1E920, 0x1E942 },
	{ 0x1E921, 0x1E943 },
};

static int _find_upper(int ch) {
	int low = 0;
	int high = LTU_LEN - 1;
	int middle;

	while (low <= high) {
		middle = (low + high) / 2;

		if (ch < caps_table[middle][0]) {
			high = middle - 1; // Search low end of array.
		} else if (caps_table[middle][0] < ch) {
			low = middle + 1; // Search high end of array.
		} else {
			return caps_table[middle][1];
		}
	}

	return ch;
}

static int _find_lower(int ch) {
	int low = 0;
	int high = UTL_LEN - 1;
	int middle;

	while (low <= high) {
		middle = (low + high) / 2;

		if (ch < reverse_caps_table[middle][0]) {
			high = middle - 1; // Search low end of array.
		} else if (reverse_caps_table[middle][0] < ch) {
			low = middle + 1; // Search high end of array.
		} else {
			return reverse_caps_table[middle][1];
		}
	}

	return ch;
}

static int _find_upperXXX(int ch) {
	switch (ch) {
		case 0x0061:
			return 0x0041;
		case 0x0062:
			return 0x0042;
		case 0x0063:
			return 0x0043;
		case 0x0064:
			return 0x0044;
		case 0x0065:
			return 0x0045;
		case 0x0066:
			return 0x0046;
		case 0x0067:
			return 0x0047;
		case 0x0068:
			return 0x0048;
		case 0x0069:
			return 0x0049;
		case 0x006A:
			return 0x004A;
		case 0x006B:
			return 0x004B;
		case 0x006C:
			return 0x004C;
		case 0x006D:
			return 0x004D;
		case 0x006E:
			return 0x004E;
		case 0x006F:
			return 0x004F;
		case 0x0070:
			return 0x0050;
		case 0x0071:
			return 0x0051;
		case 0x0072:
			return 0x0052;
		case 0x0073:
			return 0x0053;
		case 0x0074:
			return 0x0054;
		case 0x0075:
			return 0x0055;
		case 0x0076:
			return 0x0056;
		case 0x0077:
			return 0x0057;
		case 0x0078:
			return 0x0058;
		case 0x0079:
			return 0x0059;
		case 0x007A:
			return 0x005A;
		case 0x00B5:
			return 0x039C;
		case 0x00E0:
			return 0x00C0;
		case 0x00E1:
			return 0x00C1;
		case 0x00E2:
			return 0x00C2;
		case 0x00E3:
			return 0x00C3;
		case 0x00E4:
			return 0x00C4;
		case 0x00E5:
			return 0x00C5;
		case 0x00E6:
			return 0x00C6;
		case 0x00E7:
			return 0x00C7;
		case 0x00E8:
			return 0x00C8;
		case 0x00E9:
			return 0x00C9;
		case 0x00EA:
			return 0x00CA;
		case 0x00EB:
			return 0x00CB;
		case 0x00EC:
			return 0x00CC;
		case 0x00ED:
			return 0x00CD;
		case 0x00EE:
			return 0x00CE;
		case 0x00EF:
			return 0x00CF;
		case 0x00F0:
			return 0x00D0;
		case 0x00F1:
			return 0x00D1;
		case 0x00F2:
			return 0x00D2;
		case 0x00F3:
			return 0x00D3;
		case 0x00F4:
			return 0x00D4;
		case 0x00F5:
			return 0x00D5;
		case 0x00F6:
			return 0x00D6;
		case 0x00F8:
			return 0x00D8;
		case 0x00F9:
			return 0x00D9;
		case 0x00FA:
			return 0x00DA;
		case 0x00FB:
			return 0x00DB;
		case 0x00FC:
			return 0x00DC;
		case 0x00FD:
			return 0x00DD;
		case 0x00FE:
			return 0x00DE;
		case 0x00FF:
			return 0x0178;
		case 0x0101:
			return 0x0100;
		case 0x0103:
			return 0x0102;
		case 0x0105:
			return 0x0104;
		case 0x0107:
			return 0x0106;
		case 0x0109:
			return 0x0108;
		case 0x010B:
			return 0x010A;
		case 0x010D:
			return 0x010C;
		case 0x010F:
			return 0x010E;
		case 0x0111:
			return 0x0110;
		case 0x0113:
			return 0x0112;
		case 0x0115:
			return 0x0114;
		case 0x0117:
			return 0x0116;
		case 0x0119:
			return 0x0118;
		case 0x011B:
			return 0x011A;
		case 0x011D:
			return 0x011C;
		case 0x011F:
			return 0x011E;
		case 0x0121:
			return 0x0120;
		case 0x0123:
			return 0x0122;
		case 0x0125:
			return 0x0124;
		case 0x0127:
			return 0x0126;
		case 0x0129:
			return 0x0128;
		case 0x012B:
			return 0x012A;
		case 0x012D:
			return 0x012C;
		case 0x012F:
			return 0x012E;
		case 0x0131:
			return 0x0049;
		case 0x0133:
			return 0x0132;
		case 0x0135:
			return 0x0134;
		case 0x0137:
			return 0x0136;
		case 0x013A:
			return 0x0139;
		case 0x013C:
			return 0x013B;
		case 0x013E:
			return 0x013D;
		case 0x0140:
			return 0x013F;
		case 0x0142:
			return 0x0141;
		case 0x0144:
			return 0x0143;
		case 0x0146:
			return 0x0145;
		case 0x0148:
			return 0x0147;
		case 0x014B:
			return 0x014A;
		case 0x014D:
			return 0x014C;
		case 0x014F:
			return 0x014E;
		case 0x0151:
			return 0x0150;
		case 0x0153:
			return 0x0152;
		case 0x0155:
			return 0x0154;
		case 0x0157:
			return 0x0156;
		case 0x0159:
			return 0x0158;
		case 0x015B:
			return 0x015A;
		case 0x015D:
			return 0x015C;
		case 0x015F:
			return 0x015E;
		case 0x0161:
			return 0x0160;
		case 0x0163:
			return 0x0162;
		case 0x0165:
			return 0x0164;
		case 0x0167:
			return 0x0166;
		case 0x0169:
			return 0x0168;
		case 0x016B:
			return 0x016A;
		case 0x016D:
			return 0x016C;
		case 0x016F:
			return 0x016E;
		case 0x0171:
			return 0x0170;
		case 0x0173:
			return 0x0172;
		case 0x0175:
			return 0x0174;
		case 0x0177:
			return 0x0176;
		case 0x017A:
			return 0x0179;
		case 0x017C:
			return 0x017B;
		case 0x017E:
			return 0x017D;
		case 0x017F:
			return 0x0053;
		case 0x0180:
			return 0x0243;
		case 0x0183:
			return 0x0182;
		case 0x0185:
			return 0x0184;
		case 0x0188:
			return 0x0187;
		case 0x018C:
			return 0x018B;
		case 0x0192:
			return 0x0191;
		case 0x0195:
			return 0x01F6;
		case 0x0199:
			return 0x0198;
		case 0x019A:
			return 0x023D;
		case 0x019B:
			return 0xA7DC;
		case 0x019E:
			return 0x0220;
		case 0x01A1:
			return 0x01A0;
		case 0x01A3:
			return 0x01A2;
		case 0x01A5:
			return 0x01A4;
		case 0x01A8:
			return 0x01A7;
		case 0x01AD:
			return 0x01AC;
		case 0x01B0:
			return 0x01AF;
		case 0x01B4:
			return 0x01B3;
		case 0x01B6:
			return 0x01B5;
		case 0x01B9:
			return 0x01B8;
		case 0x01BD:
			return 0x01BC;
		case 0x01BF:
			return 0x01F7;
		case 0x01C5:
			return 0x01C4;
		case 0x01C6:
			return 0x01C4;
		case 0x01C8:
			return 0x01C7;
		case 0x01C9:
			return 0x01C7;
		case 0x01CB:
			return 0x01CA;
		case 0x01CC:
			return 0x01CA;
		case 0x01CE:
			return 0x01CD;
		case 0x01D0:
			return 0x01CF;
		case 0x01D2:
			return 0x01D1;
		case 0x01D4:
			return 0x01D3;
		case 0x01D6:
			return 0x01D5;
		case 0x01D8:
			return 0x01D7;
		case 0x01DA:
			return 0x01D9;
		case 0x01DC:
			return 0x01DB;
		case 0x01DD:
			return 0x018E;
		case 0x01DF:
			return 0x01DE;
		case 0x01E1:
			return 0x01E0;
		case 0x01E3:
			return 0x01E2;
		case 0x01E5:
			return 0x01E4;
		case 0x01E7:
			return 0x01E6;
		case 0x01E9:
			return 0x01E8;
		case 0x01EB:
			return 0x01EA;
		case 0x01ED:
			return 0x01EC;
		case 0x01EF:
			return 0x01EE;
		case 0x01F2:
			return 0x01F1;
		case 0x01F3:
			return 0x01F1;
		case 0x01F5:
			return 0x01F4;
		case 0x01F9:
			return 0x01F8;
		case 0x01FB:
			return 0x01FA;
		case 0x01FD:
			return 0x01FC;
		case 0x01FF:
			return 0x01FE;
		case 0x0201:
			return 0x0200;
		case 0x0203:
			return 0x0202;
		case 0x0205:
			return 0x0204;
		case 0x0207:
			return 0x0206;
		case 0x0209:
			return 0x0208;
		case 0x020B:
			return 0x020A;
		case 0x020D:
			return 0x020C;
		case 0x020F:
			return 0x020E;
		case 0x0211:
			return 0x0210;
		case 0x0213:
			return 0x0212;
		case 0x0215:
			return 0x0214;
		case 0x0217:
			return 0x0216;
		case 0x0219:
			return 0x0218;
		case 0x021B:
			return 0x021A;
		case 0x021D:
			return 0x021C;
		case 0x021F:
			return 0x021E;
		case 0x0223:
			return 0x0222;
		case 0x0225:
			return 0x0224;
		case 0x0227:
			return 0x0226;
		case 0x0229:
			return 0x0228;
		case 0x022B:
			return 0x022A;
		case 0x022D:
			return 0x022C;
		case 0x022F:
			return 0x022E;
		case 0x0231:
			return 0x0230;
		case 0x0233:
			return 0x0232;
		case 0x023C:
			return 0x023B;
		case 0x023F:
			return 0x2C7E;
		case 0x0240:
			return 0x2C7F;
		case 0x0242:
			return 0x0241;
		case 0x0247:
			return 0x0246;
		case 0x0249:
			return 0x0248;
		case 0x024B:
			return 0x024A;
		case 0x024D:
			return 0x024C;
		case 0x024F:
			return 0x024E;
		case 0x0250:
			return 0x2C6F;
		case 0x0251:
			return 0x2C6D;
		case 0x0252:
			return 0x2C70;
		case 0x0253:
			return 0x0181;
		case 0x0254:
			return 0x0186;
		case 0x0256:
			return 0x0189;
		case 0x0257:
			return 0x018A;
		case 0x0259:
			return 0x018F;
		case 0x025B:
			return 0x0190;
		case 0x025C:
			return 0xA7AB;
		case 0x0260:
			return 0x0193;
		case 0x0261:
			return 0xA7AC;
		case 0x0263:
			return 0x0194;
		case 0x0264:
			return 0xA7CB;
		case 0x0265:
			return 0xA78D;
		case 0x0266:
			return 0xA7AA;
		case 0x0268:
			return 0x0197;
		case 0x0269:
			return 0x0196;
		case 0x026A:
			return 0xA7AE;
		case 0x026B:
			return 0x2C62;
		case 0x026C:
			return 0xA7AD;
		case 0x026F:
			return 0x019C;
		case 0x0271:
			return 0x2C6E;
		case 0x0272:
			return 0x019D;
		case 0x0275:
			return 0x019F;
		case 0x027D:
			return 0x2C64;
		case 0x0280:
			return 0x01A6;
		case 0x0282:
			return 0xA7C5;
		case 0x0283:
			return 0x01A9;
		case 0x0287:
			return 0xA7B1;
		case 0x0288:
			return 0x01AE;
		case 0x0289:
			return 0x0244;
		case 0x028A:
			return 0x01B1;
		case 0x028B:
			return 0x01B2;
		case 0x028C:
			return 0x0245;
		case 0x0292:
			return 0x01B7;
		case 0x029D:
			return 0xA7B2;
		case 0x029E:
			return 0xA7B0;
		case 0x0345:
			return 0x0399;
		case 0x0371:
			return 0x0370;
		case 0x0373:
			return 0x0372;
		case 0x0377:
			return 0x0376;
		case 0x037B:
			return 0x03FD;
		case 0x037C:
			return 0x03FE;
		case 0x037D:
			return 0x03FF;
		case 0x03AC:
			return 0x0386;
		case 0x03AD:
			return 0x0388;
		case 0x03AE:
			return 0x0389;
		case 0x03AF:
			return 0x038A;
		case 0x03B1:
			return 0x0391;
		case 0x03B2:
			return 0x0392;
		case 0x03B3:
			return 0x0393;
		case 0x03B4:
			return 0x0394;
		case 0x03B5:
			return 0x0395;
		case 0x03B6:
			return 0x0396;
		case 0x03B7:
			return 0x0397;
		case 0x03B8:
			return 0x0398;
		case 0x03B9:
			return 0x0399;
		case 0x03BA:
			return 0x039A;
		case 0x03BB:
			return 0x039B;
		case 0x03BC:
			return 0x039C;
		case 0x03BD:
			return 0x039D;
		case 0x03BE:
			return 0x039E;
		case 0x03BF:
			return 0x039F;
		case 0x03C0:
			return 0x03A0;
		case 0x03C1:
			return 0x03A1;
		case 0x03C2:
			return 0x03A3;
		case 0x03C3:
			return 0x03A3;
		case 0x03C4:
			return 0x03A4;
		case 0x03C5:
			return 0x03A5;
		case 0x03C6:
			return 0x03A6;
		case 0x03C7:
			return 0x03A7;
		case 0x03C8:
			return 0x03A8;
		case 0x03C9:
			return 0x03A9;
		case 0x03CA:
			return 0x03AA;
		case 0x03CB:
			return 0x03AB;
		case 0x03CC:
			return 0x038C;
		case 0x03CD:
			return 0x038E;
		case 0x03CE:
			return 0x038F;
		case 0x03D0:
			return 0x0392;
		case 0x03D1:
			return 0x0398;
		case 0x03D5:
			return 0x03A6;
		case 0x03D6:
			return 0x03A0;
		case 0x03D7:
			return 0x03CF;
		case 0x03D9:
			return 0x03D8;
		case 0x03DB:
			return 0x03DA;
		case 0x03DD:
			return 0x03DC;
		case 0x03DF:
			return 0x03DE;
		case 0x03E1:
			return 0x03E0;
		case 0x03E3:
			return 0x03E2;
		case 0x03E5:
			return 0x03E4;
		case 0x03E7:
			return 0x03E6;
		case 0x03E9:
			return 0x03E8;
		case 0x03EB:
			return 0x03EA;
		case 0x03ED:
			return 0x03EC;
		case 0x03EF:
			return 0x03EE;
		case 0x03F0:
			return 0x039A;
		case 0x03F1:
			return 0x03A1;
		case 0x03F2:
			return 0x03F9;
		case 0x03F3:
			return 0x037F;
		case 0x03F5:
			return 0x0395;
		case 0x03F8:
			return 0x03F7;
		case 0x03FB:
			return 0x03FA;
		case 0x0430:
			return 0x0410;
		case 0x0431:
			return 0x0411;
		case 0x0432:
			return 0x0412;
		case 0x0433:
			return 0x0413;
		case 0x0434:
			return 0x0414;
		case 0x0435:
			return 0x0415;
		case 0x0436:
			return 0x0416;
		case 0x0437:
			return 0x0417;
		case 0x0438:
			return 0x0418;
		case 0x0439:
			return 0x0419;
		case 0x043A:
			return 0x041A;
		case 0x043B:
			return 0x041B;
		case 0x043C:
			return 0x041C;
		case 0x043D:
			return 0x041D;
		case 0x043E:
			return 0x041E;
		case 0x043F:
			return 0x041F;
		case 0x0440:
			return 0x0420;
		case 0x0441:
			return 0x0421;
		case 0x0442:
			return 0x0422;
		case 0x0443:
			return 0x0423;
		case 0x0444:
			return 0x0424;
		case 0x0445:
			return 0x0425;
		case 0x0446:
			return 0x0426;
		case 0x0447:
			return 0x0427;
		case 0x0448:
			return 0x0428;
		case 0x0449:
			return 0x0429;
		case 0x044A:
			return 0x042A;
		case 0x044B:
			return 0x042B;
		case 0x044C:
			return 0x042C;
		case 0x044D:
			return 0x042D;
		case 0x044E:
			return 0x042E;
		case 0x044F:
			return 0x042F;
		case 0x0450:
			return 0x0400;
		case 0x0451:
			return 0x0401;
		case 0x0452:
			return 0x0402;
		case 0x0453:
			return 0x0403;
		case 0x0454:
			return 0x0404;
		case 0x0455:
			return 0x0405;
		case 0x0456:
			return 0x0406;
		case 0x0457:
			return 0x0407;
		case 0x0458:
			return 0x0408;
		case 0x0459:
			return 0x0409;
		case 0x045A:
			return 0x040A;
		case 0x045B:
			return 0x040B;
		case 0x045C:
			return 0x040C;
		case 0x045D:
			return 0x040D;
		case 0x045E:
			return 0x040E;
		case 0x045F:
			return 0x040F;
		case 0x0461:
			return 0x0460;
		case 0x0463:
			return 0x0462;
		case 0x0465:
			return 0x0464;
		case 0x0467:
			return 0x0466;
		case 0x0469:
			return 0x0468;
		case 0x046B:
			return 0x046A;
		case 0x046D:
			return 0x046C;
		case 0x046F:
			return 0x046E;
		case 0x0471:
			return 0x0470;
		case 0x0473:
			return 0x0472;
		case 0x0475:
			return 0x0474;
		case 0x0477:
			return 0x0476;
		case 0x0479:
			return 0x0478;
		case 0x047B:
			return 0x047A;
		case 0x047D:
			return 0x047C;
		case 0x047F:
			return 0x047E;
		case 0x0481:
			return 0x0480;
		case 0x048B:
			return 0x048A;
		case 0x048D:
			return 0x048C;
		case 0x048F:
			return 0x048E;
		case 0x0491:
			return 0x0490;
		case 0x0493:
			return 0x0492;
		case 0x0495:
			return 0x0494;
		case 0x0497:
			return 0x0496;
		case 0x0499:
			return 0x0498;
		case 0x049B:
			return 0x049A;
		case 0x049D:
			return 0x049C;
		case 0x049F:
			return 0x049E;
		case 0x04A1:
			return 0x04A0;
		case 0x04A3:
			return 0x04A2;
		case 0x04A5:
			return 0x04A4;
		case 0x04A7:
			return 0x04A6;
		case 0x04A9:
			return 0x04A8;
		case 0x04AB:
			return 0x04AA;
		case 0x04AD:
			return 0x04AC;
		case 0x04AF:
			return 0x04AE;
		case 0x04B1:
			return 0x04B0;
		case 0x04B3:
			return 0x04B2;
		case 0x04B5:
			return 0x04B4;
		case 0x04B7:
			return 0x04B6;
		case 0x04B9:
			return 0x04B8;
		case 0x04BB:
			return 0x04BA;
		case 0x04BD:
			return 0x04BC;
		case 0x04BF:
			return 0x04BE;
		case 0x04C2:
			return 0x04C1;
		case 0x04C4:
			return 0x04C3;
		case 0x04C6:
			return 0x04C5;
		case 0x04C8:
			return 0x04C7;
		case 0x04CA:
			return 0x04C9;
		case 0x04CC:
			return 0x04CB;
		case 0x04CE:
			return 0x04CD;
		case 0x04CF:
			return 0x04C0;
		case 0x04D1:
			return 0x04D0;
		case 0x04D3:
			return 0x04D2;
		case 0x04D5:
			return 0x04D4;
		case 0x04D7:
			return 0x04D6;
		case 0x04D9:
			return 0x04D8;
		case 0x04DB:
			return 0x04DA;
		case 0x04DD:
			return 0x04DC;
		case 0x04DF:
			return 0x04DE;
		case 0x04E1:
			return 0x04E0;
		case 0x04E3:
			return 0x04E2;
		case 0x04E5:
			return 0x04E4;
		case 0x04E7:
			return 0x04E6;
		case 0x04E9:
			return 0x04E8;
		case 0x04EB:
			return 0x04EA;
		case 0x04ED:
			return 0x04EC;
		case 0x04EF:
			return 0x04EE;
		case 0x04F1:
			return 0x04F0;
		case 0x04F3:
			return 0x04F2;
		case 0x04F5:
			return 0x04F4;
		case 0x04F7:
			return 0x04F6;
		case 0x04F9:
			return 0x04F8;
		case 0x04FB:
			return 0x04FA;
		case 0x04FD:
			return 0x04FC;
		case 0x04FF:
			return 0x04FE;
		case 0x0501:
			return 0x0500;
		case 0x0503:
			return 0x0502;
		case 0x0505:
			return 0x0504;
		case 0x0507:
			return 0x0506;
		case 0x0509:
			return 0x0508;
		case 0x050B:
			return 0x050A;
		case 0x050D:
			return 0x050C;
		case 0x050F:
			return 0x050E;
		case 0x0511:
			return 0x0510;
		case 0x0513:
			return 0x0512;
		case 0x0515:
			return 0x0514;
		case 0x0517:
			return 0x0516;
		case 0x0519:
			return 0x0518;
		case 0x051B:
			return 0x051A;
		case 0x051D:
			return 0x051C;
		case 0x051F:
			return 0x051E;
		case 0x0521:
			return 0x0520;
		case 0x0523:
			return 0x0522;
		case 0x0525:
			return 0x0524;
		case 0x0527:
			return 0x0526;
		case 0x0529:
			return 0x0528;
		case 0x052B:
			return 0x052A;
		case 0x052D:
			return 0x052C;
		case 0x052F:
			return 0x052E;
		case 0x0561:
			return 0x0531;
		case 0x0562:
			return 0x0532;
		case 0x0563:
			return 0x0533;
		case 0x0564:
			return 0x0534;
		case 0x0565:
			return 0x0535;
		case 0x0566:
			return 0x0536;
		case 0x0567:
			return 0x0537;
		case 0x0568:
			return 0x0538;
		case 0x0569:
			return 0x0539;
		case 0x056A:
			return 0x053A;
		case 0x056B:
			return 0x053B;
		case 0x056C:
			return 0x053C;
		case 0x056D:
			return 0x053D;
		case 0x056E:
			return 0x053E;
		case 0x056F:
			return 0x053F;
		case 0x0570:
			return 0x0540;
		case 0x0571:
			return 0x0541;
		case 0x0572:
			return 0x0542;
		case 0x0573:
			return 0x0543;
		case 0x0574:
			return 0x0544;
		case 0x0575:
			return 0x0545;
		case 0x0576:
			return 0x0546;
		case 0x0577:
			return 0x0547;
		case 0x0578:
			return 0x0548;
		case 0x0579:
			return 0x0549;
		case 0x057A:
			return 0x054A;
		case 0x057B:
			return 0x054B;
		case 0x057C:
			return 0x054C;
		case 0x057D:
			return 0x054D;
		case 0x057E:
			return 0x054E;
		case 0x057F:
			return 0x054F;
		case 0x0580:
			return 0x0550;
		case 0x0581:
			return 0x0551;
		case 0x0582:
			return 0x0552;
		case 0x0583:
			return 0x0553;
		case 0x0584:
			return 0x0554;
		case 0x0585:
			return 0x0555;
		case 0x0586:
			return 0x0556;
		case 0x10D0:
			return 0x1C90;
		case 0x10D1:
			return 0x1C91;
		case 0x10D2:
			return 0x1C92;
		case 0x10D3:
			return 0x1C93;
		case 0x10D4:
			return 0x1C94;
		case 0x10D5:
			return 0x1C95;
		case 0x10D6:
			return 0x1C96;
		case 0x10D7:
			return 0x1C97;
		case 0x10D8:
			return 0x1C98;
		case 0x10D9:
			return 0x1C99;
		case 0x10DA:
			return 0x1C9A;
		case 0x10DB:
			return 0x1C9B;
		case 0x10DC:
			return 0x1C9C;
		case 0x10DD:
			return 0x1C9D;
		case 0x10DE:
			return 0x1C9E;
		case 0x10DF:
			return 0x1C9F;
		case 0x10E0:
			return 0x1CA0;
		case 0x10E1:
			return 0x1CA1;
		case 0x10E2:
			return 0x1CA2;
		case 0x10E3:
			return 0x1CA3;
		case 0x10E4:
			return 0x1CA4;
		case 0x10E5:
			return 0x1CA5;
		case 0x10E6:
			return 0x1CA6;
		case 0x10E7:
			return 0x1CA7;
		case 0x10E8:
			return 0x1CA8;
		case 0x10E9:
			return 0x1CA9;
		case 0x10EA:
			return 0x1CAA;
		case 0x10EB:
			return 0x1CAB;
		case 0x10EC:
			return 0x1CAC;
		case 0x10ED:
			return 0x1CAD;
		case 0x10EE:
			return 0x1CAE;
		case 0x10EF:
			return 0x1CAF;
		case 0x10F0:
			return 0x1CB0;
		case 0x10F1:
			return 0x1CB1;
		case 0x10F2:
			return 0x1CB2;
		case 0x10F3:
			return 0x1CB3;
		case 0x10F4:
			return 0x1CB4;
		case 0x10F5:
			return 0x1CB5;
		case 0x10F6:
			return 0x1CB6;
		case 0x10F7:
			return 0x1CB7;
		case 0x10F8:
			return 0x1CB8;
		case 0x10F9:
			return 0x1CB9;
		case 0x10FA:
			return 0x1CBA;
		case 0x10FD:
			return 0x1CBD;
		case 0x10FE:
			return 0x1CBE;
		case 0x10FF:
			return 0x1CBF;
		case 0x13F8:
			return 0x13F0;
		case 0x13F9:
			return 0x13F1;
		case 0x13FA:
			return 0x13F2;
		case 0x13FB:
			return 0x13F3;
		case 0x13FC:
			return 0x13F4;
		case 0x13FD:
			return 0x13F5;
		case 0x1C80:
			return 0x0412;
		case 0x1C81:
			return 0x0414;
		case 0x1C82:
			return 0x041E;
		case 0x1C83:
			return 0x0421;
		case 0x1C84:
			return 0x0422;
		case 0x1C85:
			return 0x0422;
		case 0x1C86:
			return 0x042A;
		case 0x1C87:
			return 0x0462;
		case 0x1C88:
			return 0xA64A;
		case 0x1C8A:
			return 0x1C89;
		case 0x1D79:
			return 0xA77D;
		case 0x1D7D:
			return 0x2C63;
		case 0x1D8E:
			return 0xA7C6;
		case 0x1E01:
			return 0x1E00;
		case 0x1E03:
			return 0x1E02;
		case 0x1E05:
			return 0x1E04;
		case 0x1E07:
			return 0x1E06;
		case 0x1E09:
			return 0x1E08;
		case 0x1E0B:
			return 0x1E0A;
		case 0x1E0D:
			return 0x1E0C;
		case 0x1E0F:
			return 0x1E0E;
		case 0x1E11:
			return 0x1E10;
		case 0x1E13:
			return 0x1E12;
		case 0x1E15:
			return 0x1E14;
		case 0x1E17:
			return 0x1E16;
		case 0x1E19:
			return 0x1E18;
		case 0x1E1B:
			return 0x1E1A;
		case 0x1E1D:
			return 0x1E1C;
		case 0x1E1F:
			return 0x1E1E;
		case 0x1E21:
			return 0x1E20;
		case 0x1E23:
			return 0x1E22;
		case 0x1E25:
			return 0x1E24;
		case 0x1E27:
			return 0x1E26;
		case 0x1E29:
			return 0x1E28;
		case 0x1E2B:
			return 0x1E2A;
		case 0x1E2D:
			return 0x1E2C;
		case 0x1E2F:
			return 0x1E2E;
		case 0x1E31:
			return 0x1E30;
		case 0x1E33:
			return 0x1E32;
		case 0x1E35:
			return 0x1E34;
		case 0x1E37:
			return 0x1E36;
		case 0x1E39:
			return 0x1E38;
		case 0x1E3B:
			return 0x1E3A;
		case 0x1E3D:
			return 0x1E3C;
		case 0x1E3F:
			return 0x1E3E;
		case 0x1E41:
			return 0x1E40;
		case 0x1E43:
			return 0x1E42;
		case 0x1E45:
			return 0x1E44;
		case 0x1E47:
			return 0x1E46;
		case 0x1E49:
			return 0x1E48;
		case 0x1E4B:
			return 0x1E4A;
		case 0x1E4D:
			return 0x1E4C;
		case 0x1E4F:
			return 0x1E4E;
		case 0x1E51:
			return 0x1E50;
		case 0x1E53:
			return 0x1E52;
		case 0x1E55:
			return 0x1E54;
		case 0x1E57:
			return 0x1E56;
		case 0x1E59:
			return 0x1E58;
		case 0x1E5B:
			return 0x1E5A;
		case 0x1E5D:
			return 0x1E5C;
		case 0x1E5F:
			return 0x1E5E;
		case 0x1E61:
			return 0x1E60;
		case 0x1E63:
			return 0x1E62;
		case 0x1E65:
			return 0x1E64;
		case 0x1E67:
			return 0x1E66;
		case 0x1E69:
			return 0x1E68;
		case 0x1E6B:
			return 0x1E6A;
		case 0x1E6D:
			return 0x1E6C;
		case 0x1E6F:
			return 0x1E6E;
		case 0x1E71:
			return 0x1E70;
		case 0x1E73:
			return 0x1E72;
		case 0x1E75:
			return 0x1E74;
		case 0x1E77:
			return 0x1E76;
		case 0x1E79:
			return 0x1E78;
		case 0x1E7B:
			return 0x1E7A;
		case 0x1E7D:
			return 0x1E7C;
		case 0x1E7F:
			return 0x1E7E;
		case 0x1E81:
			return 0x1E80;
		case 0x1E83:
			return 0x1E82;
		case 0x1E85:
			return 0x1E84;
		case 0x1E87:
			return 0x1E86;
		case 0x1E89:
			return 0x1E88;
		case 0x1E8B:
			return 0x1E8A;
		case 0x1E8D:
			return 0x1E8C;
		case 0x1E8F:
			return 0x1E8E;
		case 0x1E91:
			return 0x1E90;
		case 0x1E93:
			return 0x1E92;
		case 0x1E95:
			return 0x1E94;
		case 0x1E9B:
			return 0x1E60;
		case 0x1EA1:
			return 0x1EA0;
		case 0x1EA3:
			return 0x1EA2;
		case 0x1EA5:
			return 0x1EA4;
		case 0x1EA7:
			return 0x1EA6;
		case 0x1EA9:
			return 0x1EA8;
		case 0x1EAB:
			return 0x1EAA;
		case 0x1EAD:
			return 0x1EAC;
		case 0x1EAF:
			return 0x1EAE;
		case 0x1EB1:
			return 0x1EB0;
		case 0x1EB3:
			return 0x1EB2;
		case 0x1EB5:
			return 0x1EB4;
		case 0x1EB7:
			return 0x1EB6;
		case 0x1EB9:
			return 0x1EB8;
		case 0x1EBB:
			return 0x1EBA;
		case 0x1EBD:
			return 0x1EBC;
		case 0x1EBF:
			return 0x1EBE;
		case 0x1EC1:
			return 0x1EC0;
		case 0x1EC3:
			return 0x1EC2;
		case 0x1EC5:
			return 0x1EC4;
		case 0x1EC7:
			return 0x1EC6;
		case 0x1EC9:
			return 0x1EC8;
		case 0x1ECB:
			return 0x1ECA;
		case 0x1ECD:
			return 0x1ECC;
		case 0x1ECF:
			return 0x1ECE;
		case 0x1ED1:
			return 0x1ED0;
		case 0x1ED3:
			return 0x1ED2;
		case 0x1ED5:
			return 0x1ED4;
		case 0x1ED7:
			return 0x1ED6;
		case 0x1ED9:
			return 0x1ED8;
		case 0x1EDB:
			return 0x1EDA;
		case 0x1EDD:
			return 0x1EDC;
		case 0x1EDF:
			return 0x1EDE;
		case 0x1EE1:
			return 0x1EE0;
		case 0x1EE3:
			return 0x1EE2;
		case 0x1EE5:
			return 0x1EE4;
		case 0x1EE7:
			return 0x1EE6;
		case 0x1EE9:
			return 0x1EE8;
		case 0x1EEB:
			return 0x1EEA;
		case 0x1EED:
			return 0x1EEC;
		case 0x1EEF:
			return 0x1EEE;
		case 0x1EF1:
			return 0x1EF0;
		case 0x1EF3:
			return 0x1EF2;
		case 0x1EF5:
			return 0x1EF4;
		case 0x1EF7:
			return 0x1EF6;
		case 0x1EF9:
			return 0x1EF8;
		case 0x1EFB:
			return 0x1EFA;
		case 0x1EFD:
			return 0x1EFC;
		case 0x1EFF:
			return 0x1EFE;
		case 0x1F00:
			return 0x1F08;
		case 0x1F01:
			return 0x1F09;
		case 0x1F02:
			return 0x1F0A;
		case 0x1F03:
			return 0x1F0B;
		case 0x1F04:
			return 0x1F0C;
		case 0x1F05:
			return 0x1F0D;
		case 0x1F06:
			return 0x1F0E;
		case 0x1F07:
			return 0x1F0F;
		case 0x1F10:
			return 0x1F18;
		case 0x1F11:
			return 0x1F19;
		case 0x1F12:
			return 0x1F1A;
		case 0x1F13:
			return 0x1F1B;
		case 0x1F14:
			return 0x1F1C;
		case 0x1F15:
			return 0x1F1D;
		case 0x1F20:
			return 0x1F28;
		case 0x1F21:
			return 0x1F29;
		case 0x1F22:
			return 0x1F2A;
		case 0x1F23:
			return 0x1F2B;
		case 0x1F24:
			return 0x1F2C;
		case 0x1F25:
			return 0x1F2D;
		case 0x1F26:
			return 0x1F2E;
		case 0x1F27:
			return 0x1F2F;
		case 0x1F30:
			return 0x1F38;
		case 0x1F31:
			return 0x1F39;
		case 0x1F32:
			return 0x1F3A;
		case 0x1F33:
			return 0x1F3B;
		case 0x1F34:
			return 0x1F3C;
		case 0x1F35:
			return 0x1F3D;
		case 0x1F36:
			return 0x1F3E;
		case 0x1F37:
			return 0x1F3F;
		case 0x1F40:
			return 0x1F48;
		case 0x1F41:
			return 0x1F49;
		case 0x1F42:
			return 0x1F4A;
		case 0x1F43:
			return 0x1F4B;
		case 0x1F44:
			return 0x1F4C;
		case 0x1F45:
			return 0x1F4D;
		case 0x1F51:
			return 0x1F59;
		case 0x1F53:
			return 0x1F5B;
		case 0x1F55:
			return 0x1F5D;
		case 0x1F57:
			return 0x1F5F;
		case 0x1F60:
			return 0x1F68;
		case 0x1F61:
			return 0x1F69;
		case 0x1F62:
			return 0x1F6A;
		case 0x1F63:
			return 0x1F6B;
		case 0x1F64:
			return 0x1F6C;
		case 0x1F65:
			return 0x1F6D;
		case 0x1F66:
			return 0x1F6E;
		case 0x1F67:
			return 0x1F6F;
		case 0x1F70:
			return 0x1FBA;
		case 0x1F71:
			return 0x1FBB;
		case 0x1F72:
			return 0x1FC8;
		case 0x1F73:
			return 0x1FC9;
		case 0x1F74:
			return 0x1FCA;
		case 0x1F75:
			return 0x1FCB;
		case 0x1F76:
			return 0x1FDA;
		case 0x1F77:
			return 0x1FDB;
		case 0x1F78:
			return 0x1FF8;
		case 0x1F79:
			return 0x1FF9;
		case 0x1F7A:
			return 0x1FEA;
		case 0x1F7B:
			return 0x1FEB;
		case 0x1F7C:
			return 0x1FFA;
		case 0x1F7D:
			return 0x1FFB;
		case 0x1F80:
			return 0x1F88;
		case 0x1F81:
			return 0x1F89;
		case 0x1F82:
			return 0x1F8A;
		case 0x1F83:
			return 0x1F8B;
		case 0x1F84:
			return 0x1F8C;
		case 0x1F85:
			return 0x1F8D;
		case 0x1F86:
			return 0x1F8E;
		case 0x1F87:
			return 0x1F8F;
		case 0x1F90:
			return 0x1F98;
		case 0x1F91:
			return 0x1F99;
		case 0x1F92:
			return 0x1F9A;
		case 0x1F93:
			return 0x1F9B;
		case 0x1F94:
			return 0x1F9C;
		case 0x1F95:
			return 0x1F9D;
		case 0x1F96:
			return 0x1F9E;
		case 0x1F97:
			return 0x1F9F;
		case 0x1FA0:
			return 0x1FA8;
		case 0x1FA1:
			return 0x1FA9;
		case 0x1FA2:
			return 0x1FAA;
		case 0x1FA3:
			return 0x1FAB;
		case 0x1FA4:
			return 0x1FAC;
		case 0x1FA5:
			return 0x1FAD;
		case 0x1FA6:
			return 0x1FAE;
		case 0x1FA7:
			return 0x1FAF;
		case 0x1FB0:
			return 0x1FB8;
		case 0x1FB1:
			return 0x1FB9;
		case 0x1FB3:
			return 0x1FBC;
		case 0x1FBE:
			return 0x0399;
		case 0x1FC3:
			return 0x1FCC;
		case 0x1FD0:
			return 0x1FD8;
		case 0x1FD1:
			return 0x1FD9;
		case 0x1FE0:
			return 0x1FE8;
		case 0x1FE1:
			return 0x1FE9;
		case 0x1FE5:
			return 0x1FEC;
		case 0x1FF3:
			return 0x1FFC;
		case 0x214E:
			return 0x2132;
		case 0x2170:
			return 0x2160;
		case 0x2171:
			return 0x2161;
		case 0x2172:
			return 0x2162;
		case 0x2173:
			return 0x2163;
		case 0x2174:
			return 0x2164;
		case 0x2175:
			return 0x2165;
		case 0x2176:
			return 0x2166;
		case 0x2177:
			return 0x2167;
		case 0x2178:
			return 0x2168;
		case 0x2179:
			return 0x2169;
		case 0x217A:
			return 0x216A;
		case 0x217B:
			return 0x216B;
		case 0x217C:
			return 0x216C;
		case 0x217D:
			return 0x216D;
		case 0x217E:
			return 0x216E;
		case 0x217F:
			return 0x216F;
		case 0x2184:
			return 0x2183;
		case 0x24D0:
			return 0x24B6;
		case 0x24D1:
			return 0x24B7;
		case 0x24D2:
			return 0x24B8;
		case 0x24D3:
			return 0x24B9;
		case 0x24D4:
			return 0x24BA;
		case 0x24D5:
			return 0x24BB;
		case 0x24D6:
			return 0x24BC;
		case 0x24D7:
			return 0x24BD;
		case 0x24D8:
			return 0x24BE;
		case 0x24D9:
			return 0x24BF;
		case 0x24DA:
			return 0x24C0;
		case 0x24DB:
			return 0x24C1;
		case 0x24DC:
			return 0x24C2;
		case 0x24DD:
			return 0x24C3;
		case 0x24DE:
			return 0x24C4;
		case 0x24DF:
			return 0x24C5;
		case 0x24E0:
			return 0x24C6;
		case 0x24E1:
			return 0x24C7;
		case 0x24E2:
			return 0x24C8;
		case 0x24E3:
			return 0x24C9;
		case 0x24E4:
			return 0x24CA;
		case 0x24E5:
			return 0x24CB;
		case 0x24E6:
			return 0x24CC;
		case 0x24E7:
			return 0x24CD;
		case 0x24E8:
			return 0x24CE;
		case 0x24E9:
			return 0x24CF;
		case 0x2C30:
			return 0x2C00;
		case 0x2C31:
			return 0x2C01;
		case 0x2C32:
			return 0x2C02;
		case 0x2C33:
			return 0x2C03;
		case 0x2C34:
			return 0x2C04;
		case 0x2C35:
			return 0x2C05;
		case 0x2C36:
			return 0x2C06;
		case 0x2C37:
			return 0x2C07;
		case 0x2C38:
			return 0x2C08;
		case 0x2C39:
			return 0x2C09;
		case 0x2C3A:
			return 0x2C0A;
		case 0x2C3B:
			return 0x2C0B;
		case 0x2C3C:
			return 0x2C0C;
		case 0x2C3D:
			return 0x2C0D;
		case 0x2C3E:
			return 0x2C0E;
		case 0x2C3F:
			return 0x2C0F;
		case 0x2C40:
			return 0x2C10;
		case 0x2C41:
			return 0x2C11;
		case 0x2C42:
			return 0x2C12;
		case 0x2C43:
			return 0x2C13;
		case 0x2C44:
			return 0x2C14;
		case 0x2C45:
			return 0x2C15;
		case 0x2C46:
			return 0x2C16;
		case 0x2C47:
			return 0x2C17;
		case 0x2C48:
			return 0x2C18;
		case 0x2C49:
			return 0x2C19;
		case 0x2C4A:
			return 0x2C1A;
		case 0x2C4B:
			return 0x2C1B;
		case 0x2C4C:
			return 0x2C1C;
		case 0x2C4D:
			return 0x2C1D;
		case 0x2C4E:
			return 0x2C1E;
		case 0x2C4F:
			return 0x2C1F;
		case 0x2C50:
			return 0x2C20;
		case 0x2C51:
			return 0x2C21;
		case 0x2C52:
			return 0x2C22;
		case 0x2C53:
			return 0x2C23;
		case 0x2C54:
			return 0x2C24;
		case 0x2C55:
			return 0x2C25;
		case 0x2C56:
			return 0x2C26;
		case 0x2C57:
			return 0x2C27;
		case 0x2C58:
			return 0x2C28;
		case 0x2C59:
			return 0x2C29;
		case 0x2C5A:
			return 0x2C2A;
		case 0x2C5B:
			return 0x2C2B;
		case 0x2C5C:
			return 0x2C2C;
		case 0x2C5D:
			return 0x2C2D;
		case 0x2C5E:
			return 0x2C2E;
		case 0x2C5F:
			return 0x2C2F;
		case 0x2C61:
			return 0x2C60;
		case 0x2C65:
			return 0x023A;
		case 0x2C66:
			return 0x023E;
		case 0x2C68:
			return 0x2C67;
		case 0x2C6A:
			return 0x2C69;
		case 0x2C6C:
			return 0x2C6B;
		case 0x2C73:
			return 0x2C72;
		case 0x2C76:
			return 0x2C75;
		case 0x2C81:
			return 0x2C80;
		case 0x2C83:
			return 0x2C82;
		case 0x2C85:
			return 0x2C84;
		case 0x2C87:
			return 0x2C86;
		case 0x2C89:
			return 0x2C88;
		case 0x2C8B:
			return 0x2C8A;
		case 0x2C8D:
			return 0x2C8C;
		case 0x2C8F:
			return 0x2C8E;
		case 0x2C91:
			return 0x2C90;
		case 0x2C93:
			return 0x2C92;
		case 0x2C95:
			return 0x2C94;
		case 0x2C97:
			return 0x2C96;
		case 0x2C99:
			return 0x2C98;
		case 0x2C9B:
			return 0x2C9A;
		case 0x2C9D:
			return 0x2C9C;
		case 0x2C9F:
			return 0x2C9E;
		case 0x2CA1:
			return 0x2CA0;
		case 0x2CA3:
			return 0x2CA2;
		case 0x2CA5:
			return 0x2CA4;
		case 0x2CA7:
			return 0x2CA6;
		case 0x2CA9:
			return 0x2CA8;
		case 0x2CAB:
			return 0x2CAA;
		case 0x2CAD:
			return 0x2CAC;
		case 0x2CAF:
			return 0x2CAE;
		case 0x2CB1:
			return 0x2CB0;
		case 0x2CB3:
			return 0x2CB2;
		case 0x2CB5:
			return 0x2CB4;
		case 0x2CB7:
			return 0x2CB6;
		case 0x2CB9:
			return 0x2CB8;
		case 0x2CBB:
			return 0x2CBA;
		case 0x2CBD:
			return 0x2CBC;
		case 0x2CBF:
			return 0x2CBE;
		case 0x2CC1:
			return 0x2CC0;
		case 0x2CC3:
			return 0x2CC2;
		case 0x2CC5:
			return 0x2CC4;
		case 0x2CC7:
			return 0x2CC6;
		case 0x2CC9:
			return 0x2CC8;
		case 0x2CCB:
			return 0x2CCA;
		case 0x2CCD:
			return 0x2CCC;
		case 0x2CCF:
			return 0x2CCE;
		case 0x2CD1:
			return 0x2CD0;
		case 0x2CD3:
			return 0x2CD2;
		case 0x2CD5:
			return 0x2CD4;
		case 0x2CD7:
			return 0x2CD6;
		case 0x2CD9:
			return 0x2CD8;
		case 0x2CDB:
			return 0x2CDA;
		case 0x2CDD:
			return 0x2CDC;
		case 0x2CDF:
			return 0x2CDE;
		case 0x2CE1:
			return 0x2CE0;
		case 0x2CE3:
			return 0x2CE2;
		case 0x2CEC:
			return 0x2CEB;
		case 0x2CEE:
			return 0x2CED;
		case 0x2CF3:
			return 0x2CF2;
		case 0x2D00:
			return 0x10A0;
		case 0x2D01:
			return 0x10A1;
		case 0x2D02:
			return 0x10A2;
		case 0x2D03:
			return 0x10A3;
		case 0x2D04:
			return 0x10A4;
		case 0x2D05:
			return 0x10A5;
		case 0x2D06:
			return 0x10A6;
		case 0x2D07:
			return 0x10A7;
		case 0x2D08:
			return 0x10A8;
		case 0x2D09:
			return 0x10A9;
		case 0x2D0A:
			return 0x10AA;
		case 0x2D0B:
			return 0x10AB;
		case 0x2D0C:
			return 0x10AC;
		case 0x2D0D:
			return 0x10AD;
		case 0x2D0E:
			return 0x10AE;
		case 0x2D0F:
			return 0x10AF;
		case 0x2D10:
			return 0x10B0;
		case 0x2D11:
			return 0x10B1;
		case 0x2D12:
			return 0x10B2;
		case 0x2D13:
			return 0x10B3;
		case 0x2D14:
			return 0x10B4;
		case 0x2D15:
			return 0x10B5;
		case 0x2D16:
			return 0x10B6;
		case 0x2D17:
			return 0x10B7;
		case 0x2D18:
			return 0x10B8;
		case 0x2D19:
			return 0x10B9;
		case 0x2D1A:
			return 0x10BA;
		case 0x2D1B:
			return 0x10BB;
		case 0x2D1C:
			return 0x10BC;
		case 0x2D1D:
			return 0x10BD;
		case 0x2D1E:
			return 0x10BE;
		case 0x2D1F:
			return 0x10BF;
		case 0x2D20:
			return 0x10C0;
		case 0x2D21:
			return 0x10C1;
		case 0x2D22:
			return 0x10C2;
		case 0x2D23:
			return 0x10C3;
		case 0x2D24:
			return 0x10C4;
		case 0x2D25:
			return 0x10C5;
		case 0x2D27:
			return 0x10C7;
		case 0x2D2D:
			return 0x10CD;
		case 0xA641:
			return 0xA640;
		case 0xA643:
			return 0xA642;
		case 0xA645:
			return 0xA644;
		case 0xA647:
			return 0xA646;
		case 0xA649:
			return 0xA648;
		case 0xA64B:
			return 0xA64A;
		case 0xA64D:
			return 0xA64C;
		case 0xA64F:
			return 0xA64E;
		case 0xA651:
			return 0xA650;
		case 0xA653:
			return 0xA652;
		case 0xA655:
			return 0xA654;
		case 0xA657:
			return 0xA656;
		case 0xA659:
			return 0xA658;
		case 0xA65B:
			return 0xA65A;
		case 0xA65D:
			return 0xA65C;
		case 0xA65F:
			return 0xA65E;
		case 0xA661:
			return 0xA660;
		case 0xA663:
			return 0xA662;
		case 0xA665:
			return 0xA664;
		case 0xA667:
			return 0xA666;
		case 0xA669:
			return 0xA668;
		case 0xA66B:
			return 0xA66A;
		case 0xA66D:
			return 0xA66C;
		case 0xA681:
			return 0xA680;
		case 0xA683:
			return 0xA682;
		case 0xA685:
			return 0xA684;
		case 0xA687:
			return 0xA686;
		case 0xA689:
			return 0xA688;
		case 0xA68B:
			return 0xA68A;
		case 0xA68D:
			return 0xA68C;
		case 0xA68F:
			return 0xA68E;
		case 0xA691:
			return 0xA690;
		case 0xA693:
			return 0xA692;
		case 0xA695:
			return 0xA694;
		case 0xA697:
			return 0xA696;
		case 0xA699:
			return 0xA698;
		case 0xA69B:
			return 0xA69A;
		case 0xA723:
			return 0xA722;
		case 0xA725:
			return 0xA724;
		case 0xA727:
			return 0xA726;
		case 0xA729:
			return 0xA728;
		case 0xA72B:
			return 0xA72A;
		case 0xA72D:
			return 0xA72C;
		case 0xA72F:
			return 0xA72E;
		case 0xA733:
			return 0xA732;
		case 0xA735:
			return 0xA734;
		case 0xA737:
			return 0xA736;
		case 0xA739:
			return 0xA738;
		case 0xA73B:
			return 0xA73A;
		case 0xA73D:
			return 0xA73C;
		case 0xA73F:
			return 0xA73E;
		case 0xA741:
			return 0xA740;
		case 0xA743:
			return 0xA742;
		case 0xA745:
			return 0xA744;
		case 0xA747:
			return 0xA746;
		case 0xA749:
			return 0xA748;
		case 0xA74B:
			return 0xA74A;
		case 0xA74D:
			return 0xA74C;
		case 0xA74F:
			return 0xA74E;
		case 0xA751:
			return 0xA750;
		case 0xA753:
			return 0xA752;
		case 0xA755:
			return 0xA754;
		case 0xA757:
			return 0xA756;
		case 0xA759:
			return 0xA758;
		case 0xA75B:
			return 0xA75A;
		case 0xA75D:
			return 0xA75C;
		case 0xA75F:
			return 0xA75E;
		case 0xA761:
			return 0xA760;
		case 0xA763:
			return 0xA762;
		case 0xA765:
			return 0xA764;
		case 0xA767:
			return 0xA766;
		case 0xA769:
			return 0xA768;
		case 0xA76B:
			return 0xA76A;
		case 0xA76D:
			return 0xA76C;
		case 0xA76F:
			return 0xA76E;
		case 0xA77A:
			return 0xA779;
		case 0xA77C:
			return 0xA77B;
		case 0xA77F:
			return 0xA77E;
		case 0xA781:
			return 0xA780;
		case 0xA783:
			return 0xA782;
		case 0xA785:
			return 0xA784;
		case 0xA787:
			return 0xA786;
		case 0xA78C:
			return 0xA78B;
		case 0xA791:
			return 0xA790;
		case 0xA793:
			return 0xA792;
		case 0xA794:
			return 0xA7C4;
		case 0xA797:
			return 0xA796;
		case 0xA799:
			return 0xA798;
		case 0xA79B:
			return 0xA79A;
		case 0xA79D:
			return 0xA79C;
		case 0xA79F:
			return 0xA79E;
		case 0xA7A1:
			return 0xA7A0;
		case 0xA7A3:
			return 0xA7A2;
		case 0xA7A5:
			return 0xA7A4;
		case 0xA7A7:
			return 0xA7A6;
		case 0xA7A9:
			return 0xA7A8;
		case 0xA7B5:
			return 0xA7B4;
		case 0xA7B7:
			return 0xA7B6;
		case 0xA7B9:
			return 0xA7B8;
		case 0xA7BB:
			return 0xA7BA;
		case 0xA7BD:
			return 0xA7BC;
		case 0xA7BF:
			return 0xA7BE;
		case 0xA7C1:
			return 0xA7C0;
		case 0xA7C3:
			return 0xA7C2;
		case 0xA7C8:
			return 0xA7C7;
		case 0xA7CA:
			return 0xA7C9;
		case 0xA7CD:
			return 0xA7CC;
		case 0xA7D1:
			return 0xA7D0;
		case 0xA7D7:
			return 0xA7D6;
		case 0xA7D9:
			return 0xA7D8;
		case 0xA7DB:
			return 0xA7DA;
		case 0xA7F6:
			return 0xA7F5;
		case 0xAB53:
			return 0xA7B3;
		case 0xAB70:
			return 0x13A0;
		case 0xAB71:
			return 0x13A1;
		case 0xAB72:
			return 0x13A2;
		case 0xAB73:
			return 0x13A3;
		case 0xAB74:
			return 0x13A4;
		case 0xAB75:
			return 0x13A5;
		case 0xAB76:
			return 0x13A6;
		case 0xAB77:
			return 0x13A7;
		case 0xAB78:
			return 0x13A8;
		case 0xAB79:
			return 0x13A9;
		case 0xAB7A:
			return 0x13AA;
		case 0xAB7B:
			return 0x13AB;
		case 0xAB7C:
			return 0x13AC;
		case 0xAB7D:
			return 0x13AD;
		case 0xAB7E:
			return 0x13AE;
		case 0xAB7F:
			return 0x13AF;
		case 0xAB80:
			return 0x13B0;
		case 0xAB81:
			return 0x13B1;
		case 0xAB82:
			return 0x13B2;
		case 0xAB83:
			return 0x13B3;
		case 0xAB84:
			return 0x13B4;
		case 0xAB85:
			return 0x13B5;
		case 0xAB86:
			return 0x13B6;
		case 0xAB87:
			return 0x13B7;
		case 0xAB88:
			return 0x13B8;
		case 0xAB89:
			return 0x13B9;
		case 0xAB8A:
			return 0x13BA;
		case 0xAB8B:
			return 0x13BB;
		case 0xAB8C:
			return 0x13BC;
		case 0xAB8D:
			return 0x13BD;
		case 0xAB8E:
			return 0x13BE;
		case 0xAB8F:
			return 0x13BF;
		case 0xAB90:
			return 0x13C0;
		case 0xAB91:
			return 0x13C1;
		case 0xAB92:
			return 0x13C2;
		case 0xAB93:
			return 0x13C3;
		case 0xAB94:
			return 0x13C4;
		case 0xAB95:
			return 0x13C5;
		case 0xAB96:
			return 0x13C6;
		case 0xAB97:
			return 0x13C7;
		case 0xAB98:
			return 0x13C8;
		case 0xAB99:
			return 0x13C9;
		case 0xAB9A:
			return 0x13CA;
		case 0xAB9B:
			return 0x13CB;
		case 0xAB9C:
			return 0x13CC;
		case 0xAB9D:
			return 0x13CD;
		case 0xAB9E:
			return 0x13CE;
		case 0xAB9F:
			return 0x13CF;
		case 0xABA0:
			return 0x13D0;
		case 0xABA1:
			return 0x13D1;
		case 0xABA2:
			return 0x13D2;
		case 0xABA3:
			return 0x13D3;
		case 0xABA4:
			return 0x13D4;
		case 0xABA5:
			return 0x13D5;
		case 0xABA6:
			return 0x13D6;
		case 0xABA7:
			return 0x13D7;
		case 0xABA8:
			return 0x13D8;
		case 0xABA9:
			return 0x13D9;
		case 0xABAA:
			return 0x13DA;
		case 0xABAB:
			return 0x13DB;
		case 0xABAC:
			return 0x13DC;
		case 0xABAD:
			return 0x13DD;
		case 0xABAE:
			return 0x13DE;
		case 0xABAF:
			return 0x13DF;
		case 0xABB0:
			return 0x13E0;
		case 0xABB1:
			return 0x13E1;
		case 0xABB2:
			return 0x13E2;
		case 0xABB3:
			return 0x13E3;
		case 0xABB4:
			return 0x13E4;
		case 0xABB5:
			return 0x13E5;
		case 0xABB6:
			return 0x13E6;
		case 0xABB7:
			return 0x13E7;
		case 0xABB8:
			return 0x13E8;
		case 0xABB9:
			return 0x13E9;
		case 0xABBA:
			return 0x13EA;
		case 0xABBB:
			return 0x13EB;
		case 0xABBC:
			return 0x13EC;
		case 0xABBD:
			return 0x13ED;
		case 0xABBE:
			return 0x13EE;
		case 0xABBF:
			return 0x13EF;
		case 0xFF41:
			return 0xFF21;
		case 0xFF42:
			return 0xFF22;
		case 0xFF43:
			return 0xFF23;
		case 0xFF44:
			return 0xFF24;
		case 0xFF45:
			return 0xFF25;
		case 0xFF46:
			return 0xFF26;
		case 0xFF47:
			return 0xFF27;
		case 0xFF48:
			return 0xFF28;
		case 0xFF49:
			return 0xFF29;
		case 0xFF4A:
			return 0xFF2A;
		case 0xFF4B:
			return 0xFF2B;
		case 0xFF4C:
			return 0xFF2C;
		case 0xFF4D:
			return 0xFF2D;
		case 0xFF4E:
			return 0xFF2E;
		case 0xFF4F:
			return 0xFF2F;
		case 0xFF50:
			return 0xFF30;
		case 0xFF51:
			return 0xFF31;
		case 0xFF52:
			return 0xFF32;
		case 0xFF53:
			return 0xFF33;
		case 0xFF54:
			return 0xFF34;
		case 0xFF55:
			return 0xFF35;
		case 0xFF56:
			return 0xFF36;
		case 0xFF57:
			return 0xFF37;
		case 0xFF58:
			return 0xFF38;
		case 0xFF59:
			return 0xFF39;
		case 0xFF5A:
			return 0xFF3A;
		case 0x10428:
			return 0x10400;
		case 0x10429:
			return 0x10401;
		case 0x1042A:
			return 0x10402;
		case 0x1042B:
			return 0x10403;
		case 0x1042C:
			return 0x10404;
		case 0x1042D:
			return 0x10405;
		case 0x1042E:
			return 0x10406;
		case 0x1042F:
			return 0x10407;
		case 0x10430:
			return 0x10408;
		case 0x10431:
			return 0x10409;
		case 0x10432:
			return 0x1040A;
		case 0x10433:
			return 0x1040B;
		case 0x10434:
			return 0x1040C;
		case 0x10435:
			return 0x1040D;
		case 0x10436:
			return 0x1040E;
		case 0x10437:
			return 0x1040F;
		case 0x10438:
			return 0x10410;
		case 0x10439:
			return 0x10411;
		case 0x1043A:
			return 0x10412;
		case 0x1043B:
			return 0x10413;
		case 0x1043C:
			return 0x10414;
		case 0x1043D:
			return 0x10415;
		case 0x1043E:
			return 0x10416;
		case 0x1043F:
			return 0x10417;
		case 0x10440:
			return 0x10418;
		case 0x10441:
			return 0x10419;
		case 0x10442:
			return 0x1041A;
		case 0x10443:
			return 0x1041B;
		case 0x10444:
			return 0x1041C;
		case 0x10445:
			return 0x1041D;
		case 0x10446:
			return 0x1041E;
		case 0x10447:
			return 0x1041F;
		case 0x10448:
			return 0x10420;
		case 0x10449:
			return 0x10421;
		case 0x1044A:
			return 0x10422;
		case 0x1044B:
			return 0x10423;
		case 0x1044C:
			return 0x10424;
		case 0x1044D:
			return 0x10425;
		case 0x1044E:
			return 0x10426;
		case 0x1044F:
			return 0x10427;
		case 0x104D8:
			return 0x104B0;
		case 0x104D9:
			return 0x104B1;
		case 0x104DA:
			return 0x104B2;
		case 0x104DB:
			return 0x104B3;
		case 0x104DC:
			return 0x104B4;
		case 0x104DD:
			return 0x104B5;
		case 0x104DE:
			return 0x104B6;
		case 0x104DF:
			return 0x104B7;
		case 0x104E0:
			return 0x104B8;
		case 0x104E1:
			return 0x104B9;
		case 0x104E2:
			return 0x104BA;
		case 0x104E3:
			return 0x104BB;
		case 0x104E4:
			return 0x104BC;
		case 0x104E5:
			return 0x104BD;
		case 0x104E6:
			return 0x104BE;
		case 0x104E7:
			return 0x104BF;
		case 0x104E8:
			return 0x104C0;
		case 0x104E9:
			return 0x104C1;
		case 0x104EA:
			return 0x104C2;
		case 0x104EB:
			return 0x104C3;
		case 0x104EC:
			return 0x104C4;
		case 0x104ED:
			return 0x104C5;
		case 0x104EE:
			return 0x104C6;
		case 0x104EF:
			return 0x104C7;
		case 0x104F0:
			return 0x104C8;
		case 0x104F1:
			return 0x104C9;
		case 0x104F2:
			return 0x104CA;
		case 0x104F3:
			return 0x104CB;
		case 0x104F4:
			return 0x104CC;
		case 0x104F5:
			return 0x104CD;
		case 0x104F6:
			return 0x104CE;
		case 0x104F7:
			return 0x104CF;
		case 0x104F8:
			return 0x104D0;
		case 0x104F9:
			return 0x104D1;
		case 0x104FA:
			return 0x104D2;
		case 0x104FB:
			return 0x104D3;
		case 0x10597:
			return 0x10570;
		case 0x10598:
			return 0x10571;
		case 0x10599:
			return 0x10572;
		case 0x1059A:
			return 0x10573;
		case 0x1059B:
			return 0x10574;
		case 0x1059C:
			return 0x10575;
		case 0x1059D:
			return 0x10576;
		case 0x1059E:
			return 0x10577;
		case 0x1059F:
			return 0x10578;
		case 0x105A0:
			return 0x10579;
		case 0x105A1:
			return 0x1057A;
		case 0x105A3:
			return 0x1057C;
		case 0x105A4:
			return 0x1057D;
		case 0x105A5:
			return 0x1057E;
		case 0x105A6:
			return 0x1057F;
		case 0x105A7:
			return 0x10580;
		case 0x105A8:
			return 0x10581;
		case 0x105A9:
			return 0x10582;
		case 0x105AA:
			return 0x10583;
		case 0x105AB:
			return 0x10584;
		case 0x105AC:
			return 0x10585;
		case 0x105AD:
			return 0x10586;
		case 0x105AE:
			return 0x10587;
		case 0x105AF:
			return 0x10588;
		case 0x105B0:
			return 0x10589;
		case 0x105B1:
			return 0x1058A;
		case 0x105B3:
			return 0x1058C;
		case 0x105B4:
			return 0x1058D;
		case 0x105B5:
			return 0x1058E;
		case 0x105B6:
			return 0x1058F;
		case 0x105B7:
			return 0x10590;
		case 0x105B8:
			return 0x10591;
		case 0x105B9:
			return 0x10592;
		case 0x105BB:
			return 0x10594;
		case 0x105BC:
			return 0x10595;
		case 0x10CC0:
			return 0x10C80;
		case 0x10CC1:
			return 0x10C81;
		case 0x10CC2:
			return 0x10C82;
		case 0x10CC3:
			return 0x10C83;
		case 0x10CC4:
			return 0x10C84;
		case 0x10CC5:
			return 0x10C85;
		case 0x10CC6:
			return 0x10C86;
		case 0x10CC7:
			return 0x10C87;
		case 0x10CC8:
			return 0x10C88;
		case 0x10CC9:
			return 0x10C89;
		case 0x10CCA:
			return 0x10C8A;
		case 0x10CCB:
			return 0x10C8B;
		case 0x10CCC:
			return 0x10C8C;
		case 0x10CCD:
			return 0x10C8D;
		case 0x10CCE:
			return 0x10C8E;
		case 0x10CCF:
			return 0x10C8F;
		case 0x10CD0:
			return 0x10C90;
		case 0x10CD1:
			return 0x10C91;
		case 0x10CD2:
			return 0x10C92;
		case 0x10CD3:
			return 0x10C93;
		case 0x10CD4:
			return 0x10C94;
		case 0x10CD5:
			return 0x10C95;
		case 0x10CD6:
			return 0x10C96;
		case 0x10CD7:
			return 0x10C97;
		case 0x10CD8:
			return 0x10C98;
		case 0x10CD9:
			return 0x10C99;
		case 0x10CDA:
			return 0x10C9A;
		case 0x10CDB:
			return 0x10C9B;
		case 0x10CDC:
			return 0x10C9C;
		case 0x10CDD:
			return 0x10C9D;
		case 0x10CDE:
			return 0x10C9E;
		case 0x10CDF:
			return 0x10C9F;
		case 0x10CE0:
			return 0x10CA0;
		case 0x10CE1:
			return 0x10CA1;
		case 0x10CE2:
			return 0x10CA2;
		case 0x10CE3:
			return 0x10CA3;
		case 0x10CE4:
			return 0x10CA4;
		case 0x10CE5:
			return 0x10CA5;
		case 0x10CE6:
			return 0x10CA6;
		case 0x10CE7:
			return 0x10CA7;
		case 0x10CE8:
			return 0x10CA8;
		case 0x10CE9:
			return 0x10CA9;
		case 0x10CEA:
			return 0x10CAA;
		case 0x10CEB:
			return 0x10CAB;
		case 0x10CEC:
			return 0x10CAC;
		case 0x10CED:
			return 0x10CAD;
		case 0x10CEE:
			return 0x10CAE;
		case 0x10CEF:
			return 0x10CAF;
		case 0x10CF0:
			return 0x10CB0;
		case 0x10CF1:
			return 0x10CB1;
		case 0x10CF2:
			return 0x10CB2;
		case 0x10D70:
			return 0x10D50;
		case 0x10D71:
			return 0x10D51;
		case 0x10D72:
			return 0x10D52;
		case 0x10D73:
			return 0x10D53;
		case 0x10D74:
			return 0x10D54;
		case 0x10D75:
			return 0x10D55;
		case 0x10D76:
			return 0x10D56;
		case 0x10D77:
			return 0x10D57;
		case 0x10D78:
			return 0x10D58;
		case 0x10D79:
			return 0x10D59;
		case 0x10D7A:
			return 0x10D5A;
		case 0x10D7B:
			return 0x10D5B;
		case 0x10D7C:
			return 0x10D5C;
		case 0x10D7D:
			return 0x10D5D;
		case 0x10D7E:
			return 0x10D5E;
		case 0x10D7F:
			return 0x10D5F;
		case 0x10D80:
			return 0x10D60;
		case 0x10D81:
			return 0x10D61;
		case 0x10D82:
			return 0x10D62;
		case 0x10D83:
			return 0x10D63;
		case 0x10D84:
			return 0x10D64;
		case 0x10D85:
			return 0x10D65;
		case 0x118C0:
			return 0x118A0;
		case 0x118C1:
			return 0x118A1;
		case 0x118C2:
			return 0x118A2;
		case 0x118C3:
			return 0x118A3;
		case 0x118C4:
			return 0x118A4;
		case 0x118C5:
			return 0x118A5;
		case 0x118C6:
			return 0x118A6;
		case 0x118C7:
			return 0x118A7;
		case 0x118C8:
			return 0x118A8;
		case 0x118C9:
			return 0x118A9;
		case 0x118CA:
			return 0x118AA;
		case 0x118CB:
			return 0x118AB;
		case 0x118CC:
			return 0x118AC;
		case 0x118CD:
			return 0x118AD;
		case 0x118CE:
			return 0x118AE;
		case 0x118CF:
			return 0x118AF;
		case 0x118D0:
			return 0x118B0;
		case 0x118D1:
			return 0x118B1;
		case 0x118D2:
			return 0x118B2;
		case 0x118D3:
			return 0x118B3;
		case 0x118D4:
			return 0x118B4;
		case 0x118D5:
			return 0x118B5;
		case 0x118D6:
			return 0x118B6;
		case 0x118D7:
			return 0x118B7;
		case 0x118D8:
			return 0x118B8;
		case 0x118D9:
			return 0x118B9;
		case 0x118DA:
			return 0x118BA;
		case 0x118DB:
			return 0x118BB;
		case 0x118DC:
			return 0x118BC;
		case 0x118DD:
			return 0x118BD;
		case 0x118DE:
			return 0x118BE;
		case 0x118DF:
			return 0x118BF;
		case 0x16E60:
			return 0x16E40;
		case 0x16E61:
			return 0x16E41;
		case 0x16E62:
			return 0x16E42;
		case 0x16E63:
			return 0x16E43;
		case 0x16E64:
			return 0x16E44;
		case 0x16E65:
			return 0x16E45;
		case 0x16E66:
			return 0x16E46;
		case 0x16E67:
			return 0x16E47;
		case 0x16E68:
			return 0x16E48;
		case 0x16E69:
			return 0x16E49;
		case 0x16E6A:
			return 0x16E4A;
		case 0x16E6B:
			return 0x16E4B;
		case 0x16E6C:
			return 0x16E4C;
		case 0x16E6D:
			return 0x16E4D;
		case 0x16E6E:
			return 0x16E4E;
		case 0x16E6F:
			return 0x16E4F;
		case 0x16E70:
			return 0x16E50;
		case 0x16E71:
			return 0x16E51;
		case 0x16E72:
			return 0x16E52;
		case 0x16E73:
			return 0x16E53;
		case 0x16E74:
			return 0x16E54;
		case 0x16E75:
			return 0x16E55;
		case 0x16E76:
			return 0x16E56;
		case 0x16E77:
			return 0x16E57;
		case 0x16E78:
			return 0x16E58;
		case 0x16E79:
			return 0x16E59;
		case 0x16E7A:
			return 0x16E5A;
		case 0x16E7B:
			return 0x16E5B;
		case 0x16E7C:
			return 0x16E5C;
		case 0x16E7D:
			return 0x16E5D;
		case 0x16E7E:
			return 0x16E5E;
		case 0x16E7F:
			return 0x16E5F;
		case 0x1E922:
			return 0x1E900;
		case 0x1E923:
			return 0x1E901;
		case 0x1E924:
			return 0x1E902;
		case 0x1E925:
			return 0x1E903;
		case 0x1E926:
			return 0x1E904;
		case 0x1E927:
			return 0x1E905;
		case 0x1E928:
			return 0x1E906;
		case 0x1E929:
			return 0x1E907;
		case 0x1E92A:
			return 0x1E908;
		case 0x1E92B:
			return 0x1E909;
		case 0x1E92C:
			return 0x1E90A;
		case 0x1E92D:
			return 0x1E90B;
		case 0x1E92E:
			return 0x1E90C;
		case 0x1E92F:
			return 0x1E90D;
		case 0x1E930:
			return 0x1E90E;
		case 0x1E931:
			return 0x1E90F;
		case 0x1E932:
			return 0x1E910;
		case 0x1E933:
			return 0x1E911;
		case 0x1E934:
			return 0x1E912;
		case 0x1E935:
			return 0x1E913;
		case 0x1E936:
			return 0x1E914;
		case 0x1E937:
			return 0x1E915;
		case 0x1E938:
			return 0x1E916;
		case 0x1E939:
			return 0x1E917;
		case 0x1E93A:
			return 0x1E918;
		case 0x1E93B:
			return 0x1E919;
		case 0x1E93C:
			return 0x1E91A;
		case 0x1E93D:
			return 0x1E91B;
		case 0x1E93E:
			return 0x1E91C;
		case 0x1E93F:
			return 0x1E91D;
		case 0x1E940:
			return 0x1E91E;
		case 0x1E941:
			return 0x1E91F;
		case 0x1E942:
			return 0x1E920;
		case 0x1E943:
			return 0x1E921;
	}
	return ch;
}
static int _find_lowerXXX(int ch) {
	switch (ch) {
		case 0x0041:
			return 0x0061;
		case 0x0042:
			return 0x0062;
		case 0x0043:
			return 0x0063;
		case 0x0044:
			return 0x0064;
		case 0x0045:
			return 0x0065;
		case 0x0046:
			return 0x0066;
		case 0x0047:
			return 0x0067;
		case 0x0048:
			return 0x0068;
		case 0x0049:
			return 0x0069;
		case 0x004A:
			return 0x006A;
		case 0x004B:
			return 0x006B;
		case 0x004C:
			return 0x006C;
		case 0x004D:
			return 0x006D;
		case 0x004E:
			return 0x006E;
		case 0x004F:
			return 0x006F;
		case 0x0050:
			return 0x0070;
		case 0x0051:
			return 0x0071;
		case 0x0052:
			return 0x0072;
		case 0x0053:
			return 0x0073;
		case 0x0054:
			return 0x0074;
		case 0x0055:
			return 0x0075;
		case 0x0056:
			return 0x0076;
		case 0x0057:
			return 0x0077;
		case 0x0058:
			return 0x0078;
		case 0x0059:
			return 0x0079;
		case 0x005A:
			return 0x007A;
		case 0x00C0:
			return 0x00E0;
		case 0x00C1:
			return 0x00E1;
		case 0x00C2:
			return 0x00E2;
		case 0x00C3:
			return 0x00E3;
		case 0x00C4:
			return 0x00E4;
		case 0x00C5:
			return 0x00E5;
		case 0x00C6:
			return 0x00E6;
		case 0x00C7:
			return 0x00E7;
		case 0x00C8:
			return 0x00E8;
		case 0x00C9:
			return 0x00E9;
		case 0x00CA:
			return 0x00EA;
		case 0x00CB:
			return 0x00EB;
		case 0x00CC:
			return 0x00EC;
		case 0x00CD:
			return 0x00ED;
		case 0x00CE:
			return 0x00EE;
		case 0x00CF:
			return 0x00EF;
		case 0x00D0:
			return 0x00F0;
		case 0x00D1:
			return 0x00F1;
		case 0x00D2:
			return 0x00F2;
		case 0x00D3:
			return 0x00F3;
		case 0x00D4:
			return 0x00F4;
		case 0x00D5:
			return 0x00F5;
		case 0x00D6:
			return 0x00F6;
		case 0x00D8:
			return 0x00F8;
		case 0x00D9:
			return 0x00F9;
		case 0x00DA:
			return 0x00FA;
		case 0x00DB:
			return 0x00FB;
		case 0x00DC:
			return 0x00FC;
		case 0x00DD:
			return 0x00FD;
		case 0x00DE:
			return 0x00FE;
		case 0x0100:
			return 0x0101;
		case 0x0102:
			return 0x0103;
		case 0x0104:
			return 0x0105;
		case 0x0106:
			return 0x0107;
		case 0x0108:
			return 0x0109;
		case 0x010A:
			return 0x010B;
		case 0x010C:
			return 0x010D;
		case 0x010E:
			return 0x010F;
		case 0x0110:
			return 0x0111;
		case 0x0112:
			return 0x0113;
		case 0x0114:
			return 0x0115;
		case 0x0116:
			return 0x0117;
		case 0x0118:
			return 0x0119;
		case 0x011A:
			return 0x011B;
		case 0x011C:
			return 0x011D;
		case 0x011E:
			return 0x011F;
		case 0x0120:
			return 0x0121;
		case 0x0122:
			return 0x0123;
		case 0x0124:
			return 0x0125;
		case 0x0126:
			return 0x0127;
		case 0x0128:
			return 0x0129;
		case 0x012A:
			return 0x012B;
		case 0x012C:
			return 0x012D;
		case 0x012E:
			return 0x012F;
		case 0x0130:
			return 0x0069;
		case 0x0132:
			return 0x0133;
		case 0x0134:
			return 0x0135;
		case 0x0136:
			return 0x0137;
		case 0x0139:
			return 0x013A;
		case 0x013B:
			return 0x013C;
		case 0x013D:
			return 0x013E;
		case 0x013F:
			return 0x0140;
		case 0x0141:
			return 0x0142;
		case 0x0143:
			return 0x0144;
		case 0x0145:
			return 0x0146;
		case 0x0147:
			return 0x0148;
		case 0x014A:
			return 0x014B;
		case 0x014C:
			return 0x014D;
		case 0x014E:
			return 0x014F;
		case 0x0150:
			return 0x0151;
		case 0x0152:
			return 0x0153;
		case 0x0154:
			return 0x0155;
		case 0x0156:
			return 0x0157;
		case 0x0158:
			return 0x0159;
		case 0x015A:
			return 0x015B;
		case 0x015C:
			return 0x015D;
		case 0x015E:
			return 0x015F;
		case 0x0160:
			return 0x0161;
		case 0x0162:
			return 0x0163;
		case 0x0164:
			return 0x0165;
		case 0x0166:
			return 0x0167;
		case 0x0168:
			return 0x0169;
		case 0x016A:
			return 0x016B;
		case 0x016C:
			return 0x016D;
		case 0x016E:
			return 0x016F;
		case 0x0170:
			return 0x0171;
		case 0x0172:
			return 0x0173;
		case 0x0174:
			return 0x0175;
		case 0x0176:
			return 0x0177;
		case 0x0178:
			return 0x00FF;
		case 0x0179:
			return 0x017A;
		case 0x017B:
			return 0x017C;
		case 0x017D:
			return 0x017E;
		case 0x0181:
			return 0x0253;
		case 0x0182:
			return 0x0183;
		case 0x0184:
			return 0x0185;
		case 0x0186:
			return 0x0254;
		case 0x0187:
			return 0x0188;
		case 0x0189:
			return 0x0256;
		case 0x018A:
			return 0x0257;
		case 0x018B:
			return 0x018C;
		case 0x018E:
			return 0x01DD;
		case 0x018F:
			return 0x0259;
		case 0x0190:
			return 0x025B;
		case 0x0191:
			return 0x0192;
		case 0x0193:
			return 0x0260;
		case 0x0194:
			return 0x0263;
		case 0x0196:
			return 0x0269;
		case 0x0197:
			return 0x0268;
		case 0x0198:
			return 0x0199;
		case 0x019C:
			return 0x026F;
		case 0x019D:
			return 0x0272;
		case 0x019F:
			return 0x0275;
		case 0x01A0:
			return 0x01A1;
		case 0x01A2:
			return 0x01A3;
		case 0x01A4:
			return 0x01A5;
		case 0x01A6:
			return 0x0280;
		case 0x01A7:
			return 0x01A8;
		case 0x01A9:
			return 0x0283;
		case 0x01AC:
			return 0x01AD;
		case 0x01AE:
			return 0x0288;
		case 0x01AF:
			return 0x01B0;
		case 0x01B1:
			return 0x028A;
		case 0x01B2:
			return 0x028B;
		case 0x01B3:
			return 0x01B4;
		case 0x01B5:
			return 0x01B6;
		case 0x01B7:
			return 0x0292;
		case 0x01B8:
			return 0x01B9;
		case 0x01BC:
			return 0x01BD;
		case 0x01C4:
			return 0x01C6;
		case 0x01C5:
			return 0x01C6;
		case 0x01C7:
			return 0x01C9;
		case 0x01C8:
			return 0x01C9;
		case 0x01CA:
			return 0x01CC;
		case 0x01CB:
			return 0x01CC;
		case 0x01CD:
			return 0x01CE;
		case 0x01CF:
			return 0x01D0;
		case 0x01D1:
			return 0x01D2;
		case 0x01D3:
			return 0x01D4;
		case 0x01D5:
			return 0x01D6;
		case 0x01D7:
			return 0x01D8;
		case 0x01D9:
			return 0x01DA;
		case 0x01DB:
			return 0x01DC;
		case 0x01DE:
			return 0x01DF;
		case 0x01E0:
			return 0x01E1;
		case 0x01E2:
			return 0x01E3;
		case 0x01E4:
			return 0x01E5;
		case 0x01E6:
			return 0x01E7;
		case 0x01E8:
			return 0x01E9;
		case 0x01EA:
			return 0x01EB;
		case 0x01EC:
			return 0x01ED;
		case 0x01EE:
			return 0x01EF;
		case 0x01F1:
			return 0x01F3;
		case 0x01F2:
			return 0x01F3;
		case 0x01F4:
			return 0x01F5;
		case 0x01F6:
			return 0x0195;
		case 0x01F7:
			return 0x01BF;
		case 0x01F8:
			return 0x01F9;
		case 0x01FA:
			return 0x01FB;
		case 0x01FC:
			return 0x01FD;
		case 0x01FE:
			return 0x01FF;
		case 0x0200:
			return 0x0201;
		case 0x0202:
			return 0x0203;
		case 0x0204:
			return 0x0205;
		case 0x0206:
			return 0x0207;
		case 0x0208:
			return 0x0209;
		case 0x020A:
			return 0x020B;
		case 0x020C:
			return 0x020D;
		case 0x020E:
			return 0x020F;
		case 0x0210:
			return 0x0211;
		case 0x0212:
			return 0x0213;
		case 0x0214:
			return 0x0215;
		case 0x0216:
			return 0x0217;
		case 0x0218:
			return 0x0219;
		case 0x021A:
			return 0x021B;
		case 0x021C:
			return 0x021D;
		case 0x021E:
			return 0x021F;
		case 0x0220:
			return 0x019E;
		case 0x0222:
			return 0x0223;
		case 0x0224:
			return 0x0225;
		case 0x0226:
			return 0x0227;
		case 0x0228:
			return 0x0229;
		case 0x022A:
			return 0x022B;
		case 0x022C:
			return 0x022D;
		case 0x022E:
			return 0x022F;
		case 0x0230:
			return 0x0231;
		case 0x0232:
			return 0x0233;
		case 0x023A:
			return 0x2C65;
		case 0x023B:
			return 0x023C;
		case 0x023D:
			return 0x019A;
		case 0x023E:
			return 0x2C66;
		case 0x0241:
			return 0x0242;
		case 0x0243:
			return 0x0180;
		case 0x0244:
			return 0x0289;
		case 0x0245:
			return 0x028C;
		case 0x0246:
			return 0x0247;
		case 0x0248:
			return 0x0249;
		case 0x024A:
			return 0x024B;
		case 0x024C:
			return 0x024D;
		case 0x024E:
			return 0x024F;
		case 0x0370:
			return 0x0371;
		case 0x0372:
			return 0x0373;
		case 0x0376:
			return 0x0377;
		case 0x037F:
			return 0x03F3;
		case 0x0386:
			return 0x03AC;
		case 0x0388:
			return 0x03AD;
		case 0x0389:
			return 0x03AE;
		case 0x038A:
			return 0x03AF;
		case 0x038C:
			return 0x03CC;
		case 0x038E:
			return 0x03CD;
		case 0x038F:
			return 0x03CE;
		case 0x0391:
			return 0x03B1;
		case 0x0392:
			return 0x03B2;
		case 0x0393:
			return 0x03B3;
		case 0x0394:
			return 0x03B4;
		case 0x0395:
			return 0x03B5;
		case 0x0396:
			return 0x03B6;
		case 0x0397:
			return 0x03B7;
		case 0x0398:
			return 0x03B8;
		case 0x0399:
			return 0x03B9;
		case 0x039A:
			return 0x03BA;
		case 0x039B:
			return 0x03BB;
		case 0x039C:
			return 0x03BC;
		case 0x039D:
			return 0x03BD;
		case 0x039E:
			return 0x03BE;
		case 0x039F:
			return 0x03BF;
		case 0x03A0:
			return 0x03C0;
		case 0x03A1:
			return 0x03C1;
		case 0x03A3:
			return 0x03C3;
		case 0x03A4:
			return 0x03C4;
		case 0x03A5:
			return 0x03C5;
		case 0x03A6:
			return 0x03C6;
		case 0x03A7:
			return 0x03C7;
		case 0x03A8:
			return 0x03C8;
		case 0x03A9:
			return 0x03C9;
		case 0x03AA:
			return 0x03CA;
		case 0x03AB:
			return 0x03CB;
		case 0x03CF:
			return 0x03D7;
		case 0x03D8:
			return 0x03D9;
		case 0x03DA:
			return 0x03DB;
		case 0x03DC:
			return 0x03DD;
		case 0x03DE:
			return 0x03DF;
		case 0x03E0:
			return 0x03E1;
		case 0x03E2:
			return 0x03E3;
		case 0x03E4:
			return 0x03E5;
		case 0x03E6:
			return 0x03E7;
		case 0x03E8:
			return 0x03E9;
		case 0x03EA:
			return 0x03EB;
		case 0x03EC:
			return 0x03ED;
		case 0x03EE:
			return 0x03EF;
		case 0x03F4:
			return 0x03B8;
		case 0x03F7:
			return 0x03F8;
		case 0x03F9:
			return 0x03F2;
		case 0x03FA:
			return 0x03FB;
		case 0x03FD:
			return 0x037B;
		case 0x03FE:
			return 0x037C;
		case 0x03FF:
			return 0x037D;
		case 0x0400:
			return 0x0450;
		case 0x0401:
			return 0x0451;
		case 0x0402:
			return 0x0452;
		case 0x0403:
			return 0x0453;
		case 0x0404:
			return 0x0454;
		case 0x0405:
			return 0x0455;
		case 0x0406:
			return 0x0456;
		case 0x0407:
			return 0x0457;
		case 0x0408:
			return 0x0458;
		case 0x0409:
			return 0x0459;
		case 0x040A:
			return 0x045A;
		case 0x040B:
			return 0x045B;
		case 0x040C:
			return 0x045C;
		case 0x040D:
			return 0x045D;
		case 0x040E:
			return 0x045E;
		case 0x040F:
			return 0x045F;
		case 0x0410:
			return 0x0430;
		case 0x0411:
			return 0x0431;
		case 0x0412:
			return 0x0432;
		case 0x0413:
			return 0x0433;
		case 0x0414:
			return 0x0434;
		case 0x0415:
			return 0x0435;
		case 0x0416:
			return 0x0436;
		case 0x0417:
			return 0x0437;
		case 0x0418:
			return 0x0438;
		case 0x0419:
			return 0x0439;
		case 0x041A:
			return 0x043A;
		case 0x041B:
			return 0x043B;
		case 0x041C:
			return 0x043C;
		case 0x041D:
			return 0x043D;
		case 0x041E:
			return 0x043E;
		case 0x041F:
			return 0x043F;
		case 0x0420:
			return 0x0440;
		case 0x0421:
			return 0x0441;
		case 0x0422:
			return 0x0442;
		case 0x0423:
			return 0x0443;
		case 0x0424:
			return 0x0444;
		case 0x0425:
			return 0x0445;
		case 0x0426:
			return 0x0446;
		case 0x0427:
			return 0x0447;
		case 0x0428:
			return 0x0448;
		case 0x0429:
			return 0x0449;
		case 0x042A:
			return 0x044A;
		case 0x042B:
			return 0x044B;
		case 0x042C:
			return 0x044C;
		case 0x042D:
			return 0x044D;
		case 0x042E:
			return 0x044E;
		case 0x042F:
			return 0x044F;
		case 0x0460:
			return 0x0461;
		case 0x0462:
			return 0x0463;
		case 0x0464:
			return 0x0465;
		case 0x0466:
			return 0x0467;
		case 0x0468:
			return 0x0469;
		case 0x046A:
			return 0x046B;
		case 0x046C:
			return 0x046D;
		case 0x046E:
			return 0x046F;
		case 0x0470:
			return 0x0471;
		case 0x0472:
			return 0x0473;
		case 0x0474:
			return 0x0475;
		case 0x0476:
			return 0x0477;
		case 0x0478:
			return 0x0479;
		case 0x047A:
			return 0x047B;
		case 0x047C:
			return 0x047D;
		case 0x047E:
			return 0x047F;
		case 0x0480:
			return 0x0481;
		case 0x048A:
			return 0x048B;
		case 0x048C:
			return 0x048D;
		case 0x048E:
			return 0x048F;
		case 0x0490:
			return 0x0491;
		case 0x0492:
			return 0x0493;
		case 0x0494:
			return 0x0495;
		case 0x0496:
			return 0x0497;
		case 0x0498:
			return 0x0499;
		case 0x049A:
			return 0x049B;
		case 0x049C:
			return 0x049D;
		case 0x049E:
			return 0x049F;
		case 0x04A0:
			return 0x04A1;
		case 0x04A2:
			return 0x04A3;
		case 0x04A4:
			return 0x04A5;
		case 0x04A6:
			return 0x04A7;
		case 0x04A8:
			return 0x04A9;
		case 0x04AA:
			return 0x04AB;
		case 0x04AC:
			return 0x04AD;
		case 0x04AE:
			return 0x04AF;
		case 0x04B0:
			return 0x04B1;
		case 0x04B2:
			return 0x04B3;
		case 0x04B4:
			return 0x04B5;
		case 0x04B6:
			return 0x04B7;
		case 0x04B8:
			return 0x04B9;
		case 0x04BA:
			return 0x04BB;
		case 0x04BC:
			return 0x04BD;
		case 0x04BE:
			return 0x04BF;
		case 0x04C0:
			return 0x04CF;
		case 0x04C1:
			return 0x04C2;
		case 0x04C3:
			return 0x04C4;
		case 0x04C5:
			return 0x04C6;
		case 0x04C7:
			return 0x04C8;
		case 0x04C9:
			return 0x04CA;
		case 0x04CB:
			return 0x04CC;
		case 0x04CD:
			return 0x04CE;
		case 0x04D0:
			return 0x04D1;
		case 0x04D2:
			return 0x04D3;
		case 0x04D4:
			return 0x04D5;
		case 0x04D6:
			return 0x04D7;
		case 0x04D8:
			return 0x04D9;
		case 0x04DA:
			return 0x04DB;
		case 0x04DC:
			return 0x04DD;
		case 0x04DE:
			return 0x04DF;
		case 0x04E0:
			return 0x04E1;
		case 0x04E2:
			return 0x04E3;
		case 0x04E4:
			return 0x04E5;
		case 0x04E6:
			return 0x04E7;
		case 0x04E8:
			return 0x04E9;
		case 0x04EA:
			return 0x04EB;
		case 0x04EC:
			return 0x04ED;
		case 0x04EE:
			return 0x04EF;
		case 0x04F0:
			return 0x04F1;
		case 0x04F2:
			return 0x04F3;
		case 0x04F4:
			return 0x04F5;
		case 0x04F6:
			return 0x04F7;
		case 0x04F8:
			return 0x04F9;
		case 0x04FA:
			return 0x04FB;
		case 0x04FC:
			return 0x04FD;
		case 0x04FE:
			return 0x04FF;
		case 0x0500:
			return 0x0501;
		case 0x0502:
			return 0x0503;
		case 0x0504:
			return 0x0505;
		case 0x0506:
			return 0x0507;
		case 0x0508:
			return 0x0509;
		case 0x050A:
			return 0x050B;
		case 0x050C:
			return 0x050D;
		case 0x050E:
			return 0x050F;
		case 0x0510:
			return 0x0511;
		case 0x0512:
			return 0x0513;
		case 0x0514:
			return 0x0515;
		case 0x0516:
			return 0x0517;
		case 0x0518:
			return 0x0519;
		case 0x051A:
			return 0x051B;
		case 0x051C:
			return 0x051D;
		case 0x051E:
			return 0x051F;
		case 0x0520:
			return 0x0521;
		case 0x0522:
			return 0x0523;
		case 0x0524:
			return 0x0525;
		case 0x0526:
			return 0x0527;
		case 0x0528:
			return 0x0529;
		case 0x052A:
			return 0x052B;
		case 0x052C:
			return 0x052D;
		case 0x052E:
			return 0x052F;
		case 0x0531:
			return 0x0561;
		case 0x0532:
			return 0x0562;
		case 0x0533:
			return 0x0563;
		case 0x0534:
			return 0x0564;
		case 0x0535:
			return 0x0565;
		case 0x0536:
			return 0x0566;
		case 0x0537:
			return 0x0567;
		case 0x0538:
			return 0x0568;
		case 0x0539:
			return 0x0569;
		case 0x053A:
			return 0x056A;
		case 0x053B:
			return 0x056B;
		case 0x053C:
			return 0x056C;
		case 0x053D:
			return 0x056D;
		case 0x053E:
			return 0x056E;
		case 0x053F:
			return 0x056F;
		case 0x0540:
			return 0x0570;
		case 0x0541:
			return 0x0571;
		case 0x0542:
			return 0x0572;
		case 0x0543:
			return 0x0573;
		case 0x0544:
			return 0x0574;
		case 0x0545:
			return 0x0575;
		case 0x0546:
			return 0x0576;
		case 0x0547:
			return 0x0577;
		case 0x0548:
			return 0x0578;
		case 0x0549:
			return 0x0579;
		case 0x054A:
			return 0x057A;
		case 0x054B:
			return 0x057B;
		case 0x054C:
			return 0x057C;
		case 0x054D:
			return 0x057D;
		case 0x054E:
			return 0x057E;
		case 0x054F:
			return 0x057F;
		case 0x0550:
			return 0x0580;
		case 0x0551:
			return 0x0581;
		case 0x0552:
			return 0x0582;
		case 0x0553:
			return 0x0583;
		case 0x0554:
			return 0x0584;
		case 0x0555:
			return 0x0585;
		case 0x0556:
			return 0x0586;
		case 0x10A0:
			return 0x2D00;
		case 0x10A1:
			return 0x2D01;
		case 0x10A2:
			return 0x2D02;
		case 0x10A3:
			return 0x2D03;
		case 0x10A4:
			return 0x2D04;
		case 0x10A5:
			return 0x2D05;
		case 0x10A6:
			return 0x2D06;
		case 0x10A7:
			return 0x2D07;
		case 0x10A8:
			return 0x2D08;
		case 0x10A9:
			return 0x2D09;
		case 0x10AA:
			return 0x2D0A;
		case 0x10AB:
			return 0x2D0B;
		case 0x10AC:
			return 0x2D0C;
		case 0x10AD:
			return 0x2D0D;
		case 0x10AE:
			return 0x2D0E;
		case 0x10AF:
			return 0x2D0F;
		case 0x10B0:
			return 0x2D10;
		case 0x10B1:
			return 0x2D11;
		case 0x10B2:
			return 0x2D12;
		case 0x10B3:
			return 0x2D13;
		case 0x10B4:
			return 0x2D14;
		case 0x10B5:
			return 0x2D15;
		case 0x10B6:
			return 0x2D16;
		case 0x10B7:
			return 0x2D17;
		case 0x10B8:
			return 0x2D18;
		case 0x10B9:
			return 0x2D19;
		case 0x10BA:
			return 0x2D1A;
		case 0x10BB:
			return 0x2D1B;
		case 0x10BC:
			return 0x2D1C;
		case 0x10BD:
			return 0x2D1D;
		case 0x10BE:
			return 0x2D1E;
		case 0x10BF:
			return 0x2D1F;
		case 0x10C0:
			return 0x2D20;
		case 0x10C1:
			return 0x2D21;
		case 0x10C2:
			return 0x2D22;
		case 0x10C3:
			return 0x2D23;
		case 0x10C4:
			return 0x2D24;
		case 0x10C5:
			return 0x2D25;
		case 0x10C7:
			return 0x2D27;
		case 0x10CD:
			return 0x2D2D;
		case 0x13A0:
			return 0xAB70;
		case 0x13A1:
			return 0xAB71;
		case 0x13A2:
			return 0xAB72;
		case 0x13A3:
			return 0xAB73;
		case 0x13A4:
			return 0xAB74;
		case 0x13A5:
			return 0xAB75;
		case 0x13A6:
			return 0xAB76;
		case 0x13A7:
			return 0xAB77;
		case 0x13A8:
			return 0xAB78;
		case 0x13A9:
			return 0xAB79;
		case 0x13AA:
			return 0xAB7A;
		case 0x13AB:
			return 0xAB7B;
		case 0x13AC:
			return 0xAB7C;
		case 0x13AD:
			return 0xAB7D;
		case 0x13AE:
			return 0xAB7E;
		case 0x13AF:
			return 0xAB7F;
		case 0x13B0:
			return 0xAB80;
		case 0x13B1:
			return 0xAB81;
		case 0x13B2:
			return 0xAB82;
		case 0x13B3:
			return 0xAB83;
		case 0x13B4:
			return 0xAB84;
		case 0x13B5:
			return 0xAB85;
		case 0x13B6:
			return 0xAB86;
		case 0x13B7:
			return 0xAB87;
		case 0x13B8:
			return 0xAB88;
		case 0x13B9:
			return 0xAB89;
		case 0x13BA:
			return 0xAB8A;
		case 0x13BB:
			return 0xAB8B;
		case 0x13BC:
			return 0xAB8C;
		case 0x13BD:
			return 0xAB8D;
		case 0x13BE:
			return 0xAB8E;
		case 0x13BF:
			return 0xAB8F;
		case 0x13C0:
			return 0xAB90;
		case 0x13C1:
			return 0xAB91;
		case 0x13C2:
			return 0xAB92;
		case 0x13C3:
			return 0xAB93;
		case 0x13C4:
			return 0xAB94;
		case 0x13C5:
			return 0xAB95;
		case 0x13C6:
			return 0xAB96;
		case 0x13C7:
			return 0xAB97;
		case 0x13C8:
			return 0xAB98;
		case 0x13C9:
			return 0xAB99;
		case 0x13CA:
			return 0xAB9A;
		case 0x13CB:
			return 0xAB9B;
		case 0x13CC:
			return 0xAB9C;
		case 0x13CD:
			return 0xAB9D;
		case 0x13CE:
			return 0xAB9E;
		case 0x13CF:
			return 0xAB9F;
		case 0x13D0:
			return 0xABA0;
		case 0x13D1:
			return 0xABA1;
		case 0x13D2:
			return 0xABA2;
		case 0x13D3:
			return 0xABA3;
		case 0x13D4:
			return 0xABA4;
		case 0x13D5:
			return 0xABA5;
		case 0x13D6:
			return 0xABA6;
		case 0x13D7:
			return 0xABA7;
		case 0x13D8:
			return 0xABA8;
		case 0x13D9:
			return 0xABA9;
		case 0x13DA:
			return 0xABAA;
		case 0x13DB:
			return 0xABAB;
		case 0x13DC:
			return 0xABAC;
		case 0x13DD:
			return 0xABAD;
		case 0x13DE:
			return 0xABAE;
		case 0x13DF:
			return 0xABAF;
		case 0x13E0:
			return 0xABB0;
		case 0x13E1:
			return 0xABB1;
		case 0x13E2:
			return 0xABB2;
		case 0x13E3:
			return 0xABB3;
		case 0x13E4:
			return 0xABB4;
		case 0x13E5:
			return 0xABB5;
		case 0x13E6:
			return 0xABB6;
		case 0x13E7:
			return 0xABB7;
		case 0x13E8:
			return 0xABB8;
		case 0x13E9:
			return 0xABB9;
		case 0x13EA:
			return 0xABBA;
		case 0x13EB:
			return 0xABBB;
		case 0x13EC:
			return 0xABBC;
		case 0x13ED:
			return 0xABBD;
		case 0x13EE:
			return 0xABBE;
		case 0x13EF:
			return 0xABBF;
		case 0x13F0:
			return 0x13F8;
		case 0x13F1:
			return 0x13F9;
		case 0x13F2:
			return 0x13FA;
		case 0x13F3:
			return 0x13FB;
		case 0x13F4:
			return 0x13FC;
		case 0x13F5:
			return 0x13FD;
		case 0x1C89:
			return 0x1C8A;
		case 0x1C90:
			return 0x10D0;
		case 0x1C91:
			return 0x10D1;
		case 0x1C92:
			return 0x10D2;
		case 0x1C93:
			return 0x10D3;
		case 0x1C94:
			return 0x10D4;
		case 0x1C95:
			return 0x10D5;
		case 0x1C96:
			return 0x10D6;
		case 0x1C97:
			return 0x10D7;
		case 0x1C98:
			return 0x10D8;
		case 0x1C99:
			return 0x10D9;
		case 0x1C9A:
			return 0x10DA;
		case 0x1C9B:
			return 0x10DB;
		case 0x1C9C:
			return 0x10DC;
		case 0x1C9D:
			return 0x10DD;
		case 0x1C9E:
			return 0x10DE;
		case 0x1C9F:
			return 0x10DF;
		case 0x1CA0:
			return 0x10E0;
		case 0x1CA1:
			return 0x10E1;
		case 0x1CA2:
			return 0x10E2;
		case 0x1CA3:
			return 0x10E3;
		case 0x1CA4:
			return 0x10E4;
		case 0x1CA5:
			return 0x10E5;
		case 0x1CA6:
			return 0x10E6;
		case 0x1CA7:
			return 0x10E7;
		case 0x1CA8:
			return 0x10E8;
		case 0x1CA9:
			return 0x10E9;
		case 0x1CAA:
			return 0x10EA;
		case 0x1CAB:
			return 0x10EB;
		case 0x1CAC:
			return 0x10EC;
		case 0x1CAD:
			return 0x10ED;
		case 0x1CAE:
			return 0x10EE;
		case 0x1CAF:
			return 0x10EF;
		case 0x1CB0:
			return 0x10F0;
		case 0x1CB1:
			return 0x10F1;
		case 0x1CB2:
			return 0x10F2;
		case 0x1CB3:
			return 0x10F3;
		case 0x1CB4:
			return 0x10F4;
		case 0x1CB5:
			return 0x10F5;
		case 0x1CB6:
			return 0x10F6;
		case 0x1CB7:
			return 0x10F7;
		case 0x1CB8:
			return 0x10F8;
		case 0x1CB9:
			return 0x10F9;
		case 0x1CBA:
			return 0x10FA;
		case 0x1CBD:
			return 0x10FD;
		case 0x1CBE:
			return 0x10FE;
		case 0x1CBF:
			return 0x10FF;
		case 0x1E00:
			return 0x1E01;
		case 0x1E02:
			return 0x1E03;
		case 0x1E04:
			return 0x1E05;
		case 0x1E06:
			return 0x1E07;
		case 0x1E08:
			return 0x1E09;
		case 0x1E0A:
			return 0x1E0B;
		case 0x1E0C:
			return 0x1E0D;
		case 0x1E0E:
			return 0x1E0F;
		case 0x1E10:
			return 0x1E11;
		case 0x1E12:
			return 0x1E13;
		case 0x1E14:
			return 0x1E15;
		case 0x1E16:
			return 0x1E17;
		case 0x1E18:
			return 0x1E19;
		case 0x1E1A:
			return 0x1E1B;
		case 0x1E1C:
			return 0x1E1D;
		case 0x1E1E:
			return 0x1E1F;
		case 0x1E20:
			return 0x1E21;
		case 0x1E22:
			return 0x1E23;
		case 0x1E24:
			return 0x1E25;
		case 0x1E26:
			return 0x1E27;
		case 0x1E28:
			return 0x1E29;
		case 0x1E2A:
			return 0x1E2B;
		case 0x1E2C:
			return 0x1E2D;
		case 0x1E2E:
			return 0x1E2F;
		case 0x1E30:
			return 0x1E31;
		case 0x1E32:
			return 0x1E33;
		case 0x1E34:
			return 0x1E35;
		case 0x1E36:
			return 0x1E37;
		case 0x1E38:
			return 0x1E39;
		case 0x1E3A:
			return 0x1E3B;
		case 0x1E3C:
			return 0x1E3D;
		case 0x1E3E:
			return 0x1E3F;
		case 0x1E40:
			return 0x1E41;
		case 0x1E42:
			return 0x1E43;
		case 0x1E44:
			return 0x1E45;
		case 0x1E46:
			return 0x1E47;
		case 0x1E48:
			return 0x1E49;
		case 0x1E4A:
			return 0x1E4B;
		case 0x1E4C:
			return 0x1E4D;
		case 0x1E4E:
			return 0x1E4F;
		case 0x1E50:
			return 0x1E51;
		case 0x1E52:
			return 0x1E53;
		case 0x1E54:
			return 0x1E55;
		case 0x1E56:
			return 0x1E57;
		case 0x1E58:
			return 0x1E59;
		case 0x1E5A:
			return 0x1E5B;
		case 0x1E5C:
			return 0x1E5D;
		case 0x1E5E:
			return 0x1E5F;
		case 0x1E60:
			return 0x1E61;
		case 0x1E62:
			return 0x1E63;
		case 0x1E64:
			return 0x1E65;
		case 0x1E66:
			return 0x1E67;
		case 0x1E68:
			return 0x1E69;
		case 0x1E6A:
			return 0x1E6B;
		case 0x1E6C:
			return 0x1E6D;
		case 0x1E6E:
			return 0x1E6F;
		case 0x1E70:
			return 0x1E71;
		case 0x1E72:
			return 0x1E73;
		case 0x1E74:
			return 0x1E75;
		case 0x1E76:
			return 0x1E77;
		case 0x1E78:
			return 0x1E79;
		case 0x1E7A:
			return 0x1E7B;
		case 0x1E7C:
			return 0x1E7D;
		case 0x1E7E:
			return 0x1E7F;
		case 0x1E80:
			return 0x1E81;
		case 0x1E82:
			return 0x1E83;
		case 0x1E84:
			return 0x1E85;
		case 0x1E86:
			return 0x1E87;
		case 0x1E88:
			return 0x1E89;
		case 0x1E8A:
			return 0x1E8B;
		case 0x1E8C:
			return 0x1E8D;
		case 0x1E8E:
			return 0x1E8F;
		case 0x1E90:
			return 0x1E91;
		case 0x1E92:
			return 0x1E93;
		case 0x1E94:
			return 0x1E95;
		case 0x1E9E:
			return 0x00DF;
		case 0x1EA0:
			return 0x1EA1;
		case 0x1EA2:
			return 0x1EA3;
		case 0x1EA4:
			return 0x1EA5;
		case 0x1EA6:
			return 0x1EA7;
		case 0x1EA8:
			return 0x1EA9;
		case 0x1EAA:
			return 0x1EAB;
		case 0x1EAC:
			return 0x1EAD;
		case 0x1EAE:
			return 0x1EAF;
		case 0x1EB0:
			return 0x1EB1;
		case 0x1EB2:
			return 0x1EB3;
		case 0x1EB4:
			return 0x1EB5;
		case 0x1EB6:
			return 0x1EB7;
		case 0x1EB8:
			return 0x1EB9;
		case 0x1EBA:
			return 0x1EBB;
		case 0x1EBC:
			return 0x1EBD;
		case 0x1EBE:
			return 0x1EBF;
		case 0x1EC0:
			return 0x1EC1;
		case 0x1EC2:
			return 0x1EC3;
		case 0x1EC4:
			return 0x1EC5;
		case 0x1EC6:
			return 0x1EC7;
		case 0x1EC8:
			return 0x1EC9;
		case 0x1ECA:
			return 0x1ECB;
		case 0x1ECC:
			return 0x1ECD;
		case 0x1ECE:
			return 0x1ECF;
		case 0x1ED0:
			return 0x1ED1;
		case 0x1ED2:
			return 0x1ED3;
		case 0x1ED4:
			return 0x1ED5;
		case 0x1ED6:
			return 0x1ED7;
		case 0x1ED8:
			return 0x1ED9;
		case 0x1EDA:
			return 0x1EDB;
		case 0x1EDC:
			return 0x1EDD;
		case 0x1EDE:
			return 0x1EDF;
		case 0x1EE0:
			return 0x1EE1;
		case 0x1EE2:
			return 0x1EE3;
		case 0x1EE4:
			return 0x1EE5;
		case 0x1EE6:
			return 0x1EE7;
		case 0x1EE8:
			return 0x1EE9;
		case 0x1EEA:
			return 0x1EEB;
		case 0x1EEC:
			return 0x1EED;
		case 0x1EEE:
			return 0x1EEF;
		case 0x1EF0:
			return 0x1EF1;
		case 0x1EF2:
			return 0x1EF3;
		case 0x1EF4:
			return 0x1EF5;
		case 0x1EF6:
			return 0x1EF7;
		case 0x1EF8:
			return 0x1EF9;
		case 0x1EFA:
			return 0x1EFB;
		case 0x1EFC:
			return 0x1EFD;
		case 0x1EFE:
			return 0x1EFF;
		case 0x1F08:
			return 0x1F00;
		case 0x1F09:
			return 0x1F01;
		case 0x1F0A:
			return 0x1F02;
		case 0x1F0B:
			return 0x1F03;
		case 0x1F0C:
			return 0x1F04;
		case 0x1F0D:
			return 0x1F05;
		case 0x1F0E:
			return 0x1F06;
		case 0x1F0F:
			return 0x1F07;
		case 0x1F18:
			return 0x1F10;
		case 0x1F19:
			return 0x1F11;
		case 0x1F1A:
			return 0x1F12;
		case 0x1F1B:
			return 0x1F13;
		case 0x1F1C:
			return 0x1F14;
		case 0x1F1D:
			return 0x1F15;
		case 0x1F28:
			return 0x1F20;
		case 0x1F29:
			return 0x1F21;
		case 0x1F2A:
			return 0x1F22;
		case 0x1F2B:
			return 0x1F23;
		case 0x1F2C:
			return 0x1F24;
		case 0x1F2D:
			return 0x1F25;
		case 0x1F2E:
			return 0x1F26;
		case 0x1F2F:
			return 0x1F27;
		case 0x1F38:
			return 0x1F30;
		case 0x1F39:
			return 0x1F31;
		case 0x1F3A:
			return 0x1F32;
		case 0x1F3B:
			return 0x1F33;
		case 0x1F3C:
			return 0x1F34;
		case 0x1F3D:
			return 0x1F35;
		case 0x1F3E:
			return 0x1F36;
		case 0x1F3F:
			return 0x1F37;
		case 0x1F48:
			return 0x1F40;
		case 0x1F49:
			return 0x1F41;
		case 0x1F4A:
			return 0x1F42;
		case 0x1F4B:
			return 0x1F43;
		case 0x1F4C:
			return 0x1F44;
		case 0x1F4D:
			return 0x1F45;
		case 0x1F59:
			return 0x1F51;
		case 0x1F5B:
			return 0x1F53;
		case 0x1F5D:
			return 0x1F55;
		case 0x1F5F:
			return 0x1F57;
		case 0x1F68:
			return 0x1F60;
		case 0x1F69:
			return 0x1F61;
		case 0x1F6A:
			return 0x1F62;
		case 0x1F6B:
			return 0x1F63;
		case 0x1F6C:
			return 0x1F64;
		case 0x1F6D:
			return 0x1F65;
		case 0x1F6E:
			return 0x1F66;
		case 0x1F6F:
			return 0x1F67;
		case 0x1F88:
			return 0x1F80;
		case 0x1F89:
			return 0x1F81;
		case 0x1F8A:
			return 0x1F82;
		case 0x1F8B:
			return 0x1F83;
		case 0x1F8C:
			return 0x1F84;
		case 0x1F8D:
			return 0x1F85;
		case 0x1F8E:
			return 0x1F86;
		case 0x1F8F:
			return 0x1F87;
		case 0x1F98:
			return 0x1F90;
		case 0x1F99:
			return 0x1F91;
		case 0x1F9A:
			return 0x1F92;
		case 0x1F9B:
			return 0x1F93;
		case 0x1F9C:
			return 0x1F94;
		case 0x1F9D:
			return 0x1F95;
		case 0x1F9E:
			return 0x1F96;
		case 0x1F9F:
			return 0x1F97;
		case 0x1FA8:
			return 0x1FA0;
		case 0x1FA9:
			return 0x1FA1;
		case 0x1FAA:
			return 0x1FA2;
		case 0x1FAB:
			return 0x1FA3;
		case 0x1FAC:
			return 0x1FA4;
		case 0x1FAD:
			return 0x1FA5;
		case 0x1FAE:
			return 0x1FA6;
		case 0x1FAF:
			return 0x1FA7;
		case 0x1FB8:
			return 0x1FB0;
		case 0x1FB9:
			return 0x1FB1;
		case 0x1FBA:
			return 0x1F70;
		case 0x1FBB:
			return 0x1F71;
		case 0x1FBC:
			return 0x1FB3;
		case 0x1FC8:
			return 0x1F72;
		case 0x1FC9:
			return 0x1F73;
		case 0x1FCA:
			return 0x1F74;
		case 0x1FCB:
			return 0x1F75;
		case 0x1FCC:
			return 0x1FC3;
		case 0x1FD8:
			return 0x1FD0;
		case 0x1FD9:
			return 0x1FD1;
		case 0x1FDA:
			return 0x1F76;
		case 0x1FDB:
			return 0x1F77;
		case 0x1FE8:
			return 0x1FE0;
		case 0x1FE9:
			return 0x1FE1;
		case 0x1FEA:
			return 0x1F7A;
		case 0x1FEB:
			return 0x1F7B;
		case 0x1FEC:
			return 0x1FE5;
		case 0x1FF8:
			return 0x1F78;
		case 0x1FF9:
			return 0x1F79;
		case 0x1FFA:
			return 0x1F7C;
		case 0x1FFB:
			return 0x1F7D;
		case 0x1FFC:
			return 0x1FF3;
		case 0x2126:
			return 0x03C9;
		case 0x212A:
			return 0x006B;
		case 0x212B:
			return 0x00E5;
		case 0x2132:
			return 0x214E;
		case 0x2160:
			return 0x2170;
		case 0x2161:
			return 0x2171;
		case 0x2162:
			return 0x2172;
		case 0x2163:
			return 0x2173;
		case 0x2164:
			return 0x2174;
		case 0x2165:
			return 0x2175;
		case 0x2166:
			return 0x2176;
		case 0x2167:
			return 0x2177;
		case 0x2168:
			return 0x2178;
		case 0x2169:
			return 0x2179;
		case 0x216A:
			return 0x217A;
		case 0x216B:
			return 0x217B;
		case 0x216C:
			return 0x217C;
		case 0x216D:
			return 0x217D;
		case 0x216E:
			return 0x217E;
		case 0x216F:
			return 0x217F;
		case 0x2183:
			return 0x2184;
		case 0x24B6:
			return 0x24D0;
		case 0x24B7:
			return 0x24D1;
		case 0x24B8:
			return 0x24D2;
		case 0x24B9:
			return 0x24D3;
		case 0x24BA:
			return 0x24D4;
		case 0x24BB:
			return 0x24D5;
		case 0x24BC:
			return 0x24D6;
		case 0x24BD:
			return 0x24D7;
		case 0x24BE:
			return 0x24D8;
		case 0x24BF:
			return 0x24D9;
		case 0x24C0:
			return 0x24DA;
		case 0x24C1:
			return 0x24DB;
		case 0x24C2:
			return 0x24DC;
		case 0x24C3:
			return 0x24DD;
		case 0x24C4:
			return 0x24DE;
		case 0x24C5:
			return 0x24DF;
		case 0x24C6:
			return 0x24E0;
		case 0x24C7:
			return 0x24E1;
		case 0x24C8:
			return 0x24E2;
		case 0x24C9:
			return 0x24E3;
		case 0x24CA:
			return 0x24E4;
		case 0x24CB:
			return 0x24E5;
		case 0x24CC:
			return 0x24E6;
		case 0x24CD:
			return 0x24E7;
		case 0x24CE:
			return 0x24E8;
		case 0x24CF:
			return 0x24E9;
		case 0x2C00:
			return 0x2C30;
		case 0x2C01:
			return 0x2C31;
		case 0x2C02:
			return 0x2C32;
		case 0x2C03:
			return 0x2C33;
		case 0x2C04:
			return 0x2C34;
		case 0x2C05:
			return 0x2C35;
		case 0x2C06:
			return 0x2C36;
		case 0x2C07:
			return 0x2C37;
		case 0x2C08:
			return 0x2C38;
		case 0x2C09:
			return 0x2C39;
		case 0x2C0A:
			return 0x2C3A;
		case 0x2C0B:
			return 0x2C3B;
		case 0x2C0C:
			return 0x2C3C;
		case 0x2C0D:
			return 0x2C3D;
		case 0x2C0E:
			return 0x2C3E;
		case 0x2C0F:
			return 0x2C3F;
		case 0x2C10:
			return 0x2C40;
		case 0x2C11:
			return 0x2C41;
		case 0x2C12:
			return 0x2C42;
		case 0x2C13:
			return 0x2C43;
		case 0x2C14:
			return 0x2C44;
		case 0x2C15:
			return 0x2C45;
		case 0x2C16:
			return 0x2C46;
		case 0x2C17:
			return 0x2C47;
		case 0x2C18:
			return 0x2C48;
		case 0x2C19:
			return 0x2C49;
		case 0x2C1A:
			return 0x2C4A;
		case 0x2C1B:
			return 0x2C4B;
		case 0x2C1C:
			return 0x2C4C;
		case 0x2C1D:
			return 0x2C4D;
		case 0x2C1E:
			return 0x2C4E;
		case 0x2C1F:
			return 0x2C4F;
		case 0x2C20:
			return 0x2C50;
		case 0x2C21:
			return 0x2C51;
		case 0x2C22:
			return 0x2C52;
		case 0x2C23:
			return 0x2C53;
		case 0x2C24:
			return 0x2C54;
		case 0x2C25:
			return 0x2C55;
		case 0x2C26:
			return 0x2C56;
		case 0x2C27:
			return 0x2C57;
		case 0x2C28:
			return 0x2C58;
		case 0x2C29:
			return 0x2C59;
		case 0x2C2A:
			return 0x2C5A;
		case 0x2C2B:
			return 0x2C5B;
		case 0x2C2C:
			return 0x2C5C;
		case 0x2C2D:
			return 0x2C5D;
		case 0x2C2E:
			return 0x2C5E;
		case 0x2C2F:
			return 0x2C5F;
		case 0x2C60:
			return 0x2C61;
		case 0x2C62:
			return 0x026B;
		case 0x2C63:
			return 0x1D7D;
		case 0x2C64:
			return 0x027D;
		case 0x2C67:
			return 0x2C68;
		case 0x2C69:
			return 0x2C6A;
		case 0x2C6B:
			return 0x2C6C;
		case 0x2C6D:
			return 0x0251;
		case 0x2C6E:
			return 0x0271;
		case 0x2C6F:
			return 0x0250;
		case 0x2C70:
			return 0x0252;
		case 0x2C72:
			return 0x2C73;
		case 0x2C75:
			return 0x2C76;
		case 0x2C7E:
			return 0x023F;
		case 0x2C7F:
			return 0x0240;
		case 0x2C80:
			return 0x2C81;
		case 0x2C82:
			return 0x2C83;
		case 0x2C84:
			return 0x2C85;
		case 0x2C86:
			return 0x2C87;
		case 0x2C88:
			return 0x2C89;
		case 0x2C8A:
			return 0x2C8B;
		case 0x2C8C:
			return 0x2C8D;
		case 0x2C8E:
			return 0x2C8F;
		case 0x2C90:
			return 0x2C91;
		case 0x2C92:
			return 0x2C93;
		case 0x2C94:
			return 0x2C95;
		case 0x2C96:
			return 0x2C97;
		case 0x2C98:
			return 0x2C99;
		case 0x2C9A:
			return 0x2C9B;
		case 0x2C9C:
			return 0x2C9D;
		case 0x2C9E:
			return 0x2C9F;
		case 0x2CA0:
			return 0x2CA1;
		case 0x2CA2:
			return 0x2CA3;
		case 0x2CA4:
			return 0x2CA5;
		case 0x2CA6:
			return 0x2CA7;
		case 0x2CA8:
			return 0x2CA9;
		case 0x2CAA:
			return 0x2CAB;
		case 0x2CAC:
			return 0x2CAD;
		case 0x2CAE:
			return 0x2CAF;
		case 0x2CB0:
			return 0x2CB1;
		case 0x2CB2:
			return 0x2CB3;
		case 0x2CB4:
			return 0x2CB5;
		case 0x2CB6:
			return 0x2CB7;
		case 0x2CB8:
			return 0x2CB9;
		case 0x2CBA:
			return 0x2CBB;
		case 0x2CBC:
			return 0x2CBD;
		case 0x2CBE:
			return 0x2CBF;
		case 0x2CC0:
			return 0x2CC1;
		case 0x2CC2:
			return 0x2CC3;
		case 0x2CC4:
			return 0x2CC5;
		case 0x2CC6:
			return 0x2CC7;
		case 0x2CC8:
			return 0x2CC9;
		case 0x2CCA:
			return 0x2CCB;
		case 0x2CCC:
			return 0x2CCD;
		case 0x2CCE:
			return 0x2CCF;
		case 0x2CD0:
			return 0x2CD1;
		case 0x2CD2:
			return 0x2CD3;
		case 0x2CD4:
			return 0x2CD5;
		case 0x2CD6:
			return 0x2CD7;
		case 0x2CD8:
			return 0x2CD9;
		case 0x2CDA:
			return 0x2CDB;
		case 0x2CDC:
			return 0x2CDD;
		case 0x2CDE:
			return 0x2CDF;
		case 0x2CE0:
			return 0x2CE1;
		case 0x2CE2:
			return 0x2CE3;
		case 0x2CEB:
			return 0x2CEC;
		case 0x2CED:
			return 0x2CEE;
		case 0x2CF2:
			return 0x2CF3;
		case 0xA640:
			return 0xA641;
		case 0xA642:
			return 0xA643;
		case 0xA644:
			return 0xA645;
		case 0xA646:
			return 0xA647;
		case 0xA648:
			return 0xA649;
		case 0xA64A:
			return 0xA64B;
		case 0xA64C:
			return 0xA64D;
		case 0xA64E:
			return 0xA64F;
		case 0xA650:
			return 0xA651;
		case 0xA652:
			return 0xA653;
		case 0xA654:
			return 0xA655;
		case 0xA656:
			return 0xA657;
		case 0xA658:
			return 0xA659;
		case 0xA65A:
			return 0xA65B;
		case 0xA65C:
			return 0xA65D;
		case 0xA65E:
			return 0xA65F;
		case 0xA660:
			return 0xA661;
		case 0xA662:
			return 0xA663;
		case 0xA664:
			return 0xA665;
		case 0xA666:
			return 0xA667;
		case 0xA668:
			return 0xA669;
		case 0xA66A:
			return 0xA66B;
		case 0xA66C:
			return 0xA66D;
		case 0xA680:
			return 0xA681;
		case 0xA682:
			return 0xA683;
		case 0xA684:
			return 0xA685;
		case 0xA686:
			return 0xA687;
		case 0xA688:
			return 0xA689;
		case 0xA68A:
			return 0xA68B;
		case 0xA68C:
			return 0xA68D;
		case 0xA68E:
			return 0xA68F;
		case 0xA690:
			return 0xA691;
		case 0xA692:
			return 0xA693;
		case 0xA694:
			return 0xA695;
		case 0xA696:
			return 0xA697;
		case 0xA698:
			return 0xA699;
		case 0xA69A:
			return 0xA69B;
		case 0xA722:
			return 0xA723;
		case 0xA724:
			return 0xA725;
		case 0xA726:
			return 0xA727;
		case 0xA728:
			return 0xA729;
		case 0xA72A:
			return 0xA72B;
		case 0xA72C:
			return 0xA72D;
		case 0xA72E:
			return 0xA72F;
		case 0xA732:
			return 0xA733;
		case 0xA734:
			return 0xA735;
		case 0xA736:
			return 0xA737;
		case 0xA738:
			return 0xA739;
		case 0xA73A:
			return 0xA73B;
		case 0xA73C:
			return 0xA73D;
		case 0xA73E:
			return 0xA73F;
		case 0xA740:
			return 0xA741;
		case 0xA742:
			return 0xA743;
		case 0xA744:
			return 0xA745;
		case 0xA746:
			return 0xA747;
		case 0xA748:
			return 0xA749;
		case 0xA74A:
			return 0xA74B;
		case 0xA74C:
			return 0xA74D;
		case 0xA74E:
			return 0xA74F;
		case 0xA750:
			return 0xA751;
		case 0xA752:
			return 0xA753;
		case 0xA754:
			return 0xA755;
		case 0xA756:
			return 0xA757;
		case 0xA758:
			return 0xA759;
		case 0xA75A:
			return 0xA75B;
		case 0xA75C:
			return 0xA75D;
		case 0xA75E:
			return 0xA75F;
		case 0xA760:
			return 0xA761;
		case 0xA762:
			return 0xA763;
		case 0xA764:
			return 0xA765;
		case 0xA766:
			return 0xA767;
		case 0xA768:
			return 0xA769;
		case 0xA76A:
			return 0xA76B;
		case 0xA76C:
			return 0xA76D;
		case 0xA76E:
			return 0xA76F;
		case 0xA779:
			return 0xA77A;
		case 0xA77B:
			return 0xA77C;
		case 0xA77D:
			return 0x1D79;
		case 0xA77E:
			return 0xA77F;
		case 0xA780:
			return 0xA781;
		case 0xA782:
			return 0xA783;
		case 0xA784:
			return 0xA785;
		case 0xA786:
			return 0xA787;
		case 0xA78B:
			return 0xA78C;
		case 0xA78D:
			return 0x0265;
		case 0xA790:
			return 0xA791;
		case 0xA792:
			return 0xA793;
		case 0xA796:
			return 0xA797;
		case 0xA798:
			return 0xA799;
		case 0xA79A:
			return 0xA79B;
		case 0xA79C:
			return 0xA79D;
		case 0xA79E:
			return 0xA79F;
		case 0xA7A0:
			return 0xA7A1;
		case 0xA7A2:
			return 0xA7A3;
		case 0xA7A4:
			return 0xA7A5;
		case 0xA7A6:
			return 0xA7A7;
		case 0xA7A8:
			return 0xA7A9;
		case 0xA7AA:
			return 0x0266;
		case 0xA7AB:
			return 0x025C;
		case 0xA7AC:
			return 0x0261;
		case 0xA7AD:
			return 0x026C;
		case 0xA7AE:
			return 0x026A;
		case 0xA7B0:
			return 0x029E;
		case 0xA7B1:
			return 0x0287;
		case 0xA7B2:
			return 0x029D;
		case 0xA7B3:
			return 0xAB53;
		case 0xA7B4:
			return 0xA7B5;
		case 0xA7B6:
			return 0xA7B7;
		case 0xA7B8:
			return 0xA7B9;
		case 0xA7BA:
			return 0xA7BB;
		case 0xA7BC:
			return 0xA7BD;
		case 0xA7BE:
			return 0xA7BF;
		case 0xA7C0:
			return 0xA7C1;
		case 0xA7C2:
			return 0xA7C3;
		case 0xA7C4:
			return 0xA794;
		case 0xA7C5:
			return 0x0282;
		case 0xA7C6:
			return 0x1D8E;
		case 0xA7C7:
			return 0xA7C8;
		case 0xA7C9:
			return 0xA7CA;
		case 0xA7CB:
			return 0x0264;
		case 0xA7CC:
			return 0xA7CD;
		case 0xA7D0:
			return 0xA7D1;
		case 0xA7D6:
			return 0xA7D7;
		case 0xA7D8:
			return 0xA7D9;
		case 0xA7DA:
			return 0xA7DB;
		case 0xA7DC:
			return 0x019B;
		case 0xA7F5:
			return 0xA7F6;
		case 0xFF21:
			return 0xFF41;
		case 0xFF22:
			return 0xFF42;
		case 0xFF23:
			return 0xFF43;
		case 0xFF24:
			return 0xFF44;
		case 0xFF25:
			return 0xFF45;
		case 0xFF26:
			return 0xFF46;
		case 0xFF27:
			return 0xFF47;
		case 0xFF28:
			return 0xFF48;
		case 0xFF29:
			return 0xFF49;
		case 0xFF2A:
			return 0xFF4A;
		case 0xFF2B:
			return 0xFF4B;
		case 0xFF2C:
			return 0xFF4C;
		case 0xFF2D:
			return 0xFF4D;
		case 0xFF2E:
			return 0xFF4E;
		case 0xFF2F:
			return 0xFF4F;
		case 0xFF30:
			return 0xFF50;
		case 0xFF31:
			return 0xFF51;
		case 0xFF32:
			return 0xFF52;
		case 0xFF33:
			return 0xFF53;
		case 0xFF34:
			return 0xFF54;
		case 0xFF35:
			return 0xFF55;
		case 0xFF36:
			return 0xFF56;
		case 0xFF37:
			return 0xFF57;
		case 0xFF38:
			return 0xFF58;
		case 0xFF39:
			return 0xFF59;
		case 0xFF3A:
			return 0xFF5A;
		case 0x10400:
			return 0x10428;
		case 0x10401:
			return 0x10429;
		case 0x10402:
			return 0x1042A;
		case 0x10403:
			return 0x1042B;
		case 0x10404:
			return 0x1042C;
		case 0x10405:
			return 0x1042D;
		case 0x10406:
			return 0x1042E;
		case 0x10407:
			return 0x1042F;
		case 0x10408:
			return 0x10430;
		case 0x10409:
			return 0x10431;
		case 0x1040A:
			return 0x10432;
		case 0x1040B:
			return 0x10433;
		case 0x1040C:
			return 0x10434;
		case 0x1040D:
			return 0x10435;
		case 0x1040E:
			return 0x10436;
		case 0x1040F:
			return 0x10437;
		case 0x10410:
			return 0x10438;
		case 0x10411:
			return 0x10439;
		case 0x10412:
			return 0x1043A;
		case 0x10413:
			return 0x1043B;
		case 0x10414:
			return 0x1043C;
		case 0x10415:
			return 0x1043D;
		case 0x10416:
			return 0x1043E;
		case 0x10417:
			return 0x1043F;
		case 0x10418:
			return 0x10440;
		case 0x10419:
			return 0x10441;
		case 0x1041A:
			return 0x10442;
		case 0x1041B:
			return 0x10443;
		case 0x1041C:
			return 0x10444;
		case 0x1041D:
			return 0x10445;
		case 0x1041E:
			return 0x10446;
		case 0x1041F:
			return 0x10447;
		case 0x10420:
			return 0x10448;
		case 0x10421:
			return 0x10449;
		case 0x10422:
			return 0x1044A;
		case 0x10423:
			return 0x1044B;
		case 0x10424:
			return 0x1044C;
		case 0x10425:
			return 0x1044D;
		case 0x10426:
			return 0x1044E;
		case 0x10427:
			return 0x1044F;
		case 0x104B0:
			return 0x104D8;
		case 0x104B1:
			return 0x104D9;
		case 0x104B2:
			return 0x104DA;
		case 0x104B3:
			return 0x104DB;
		case 0x104B4:
			return 0x104DC;
		case 0x104B5:
			return 0x104DD;
		case 0x104B6:
			return 0x104DE;
		case 0x104B7:
			return 0x104DF;
		case 0x104B8:
			return 0x104E0;
		case 0x104B9:
			return 0x104E1;
		case 0x104BA:
			return 0x104E2;
		case 0x104BB:
			return 0x104E3;
		case 0x104BC:
			return 0x104E4;
		case 0x104BD:
			return 0x104E5;
		case 0x104BE:
			return 0x104E6;
		case 0x104BF:
			return 0x104E7;
		case 0x104C0:
			return 0x104E8;
		case 0x104C1:
			return 0x104E9;
		case 0x104C2:
			return 0x104EA;
		case 0x104C3:
			return 0x104EB;
		case 0x104C4:
			return 0x104EC;
		case 0x104C5:
			return 0x104ED;
		case 0x104C6:
			return 0x104EE;
		case 0x104C7:
			return 0x104EF;
		case 0x104C8:
			return 0x104F0;
		case 0x104C9:
			return 0x104F1;
		case 0x104CA:
			return 0x104F2;
		case 0x104CB:
			return 0x104F3;
		case 0x104CC:
			return 0x104F4;
		case 0x104CD:
			return 0x104F5;
		case 0x104CE:
			return 0x104F6;
		case 0x104CF:
			return 0x104F7;
		case 0x104D0:
			return 0x104F8;
		case 0x104D1:
			return 0x104F9;
		case 0x104D2:
			return 0x104FA;
		case 0x104D3:
			return 0x104FB;
		case 0x10570:
			return 0x10597;
		case 0x10571:
			return 0x10598;
		case 0x10572:
			return 0x10599;
		case 0x10573:
			return 0x1059A;
		case 0x10574:
			return 0x1059B;
		case 0x10575:
			return 0x1059C;
		case 0x10576:
			return 0x1059D;
		case 0x10577:
			return 0x1059E;
		case 0x10578:
			return 0x1059F;
		case 0x10579:
			return 0x105A0;
		case 0x1057A:
			return 0x105A1;
		case 0x1057C:
			return 0x105A3;
		case 0x1057D:
			return 0x105A4;
		case 0x1057E:
			return 0x105A5;
		case 0x1057F:
			return 0x105A6;
		case 0x10580:
			return 0x105A7;
		case 0x10581:
			return 0x105A8;
		case 0x10582:
			return 0x105A9;
		case 0x10583:
			return 0x105AA;
		case 0x10584:
			return 0x105AB;
		case 0x10585:
			return 0x105AC;
		case 0x10586:
			return 0x105AD;
		case 0x10587:
			return 0x105AE;
		case 0x10588:
			return 0x105AF;
		case 0x10589:
			return 0x105B0;
		case 0x1058A:
			return 0x105B1;
		case 0x1058C:
			return 0x105B3;
		case 0x1058D:
			return 0x105B4;
		case 0x1058E:
			return 0x105B5;
		case 0x1058F:
			return 0x105B6;
		case 0x10590:
			return 0x105B7;
		case 0x10591:
			return 0x105B8;
		case 0x10592:
			return 0x105B9;
		case 0x10594:
			return 0x105BB;
		case 0x10595:
			return 0x105BC;
		case 0x10C80:
			return 0x10CC0;
		case 0x10C81:
			return 0x10CC1;
		case 0x10C82:
			return 0x10CC2;
		case 0x10C83:
			return 0x10CC3;
		case 0x10C84:
			return 0x10CC4;
		case 0x10C85:
			return 0x10CC5;
		case 0x10C86:
			return 0x10CC6;
		case 0x10C87:
			return 0x10CC7;
		case 0x10C88:
			return 0x10CC8;
		case 0x10C89:
			return 0x10CC9;
		case 0x10C8A:
			return 0x10CCA;
		case 0x10C8B:
			return 0x10CCB;
		case 0x10C8C:
			return 0x10CCC;
		case 0x10C8D:
			return 0x10CCD;
		case 0x10C8E:
			return 0x10CCE;
		case 0x10C8F:
			return 0x10CCF;
		case 0x10C90:
			return 0x10CD0;
		case 0x10C91:
			return 0x10CD1;
		case 0x10C92:
			return 0x10CD2;
		case 0x10C93:
			return 0x10CD3;
		case 0x10C94:
			return 0x10CD4;
		case 0x10C95:
			return 0x10CD5;
		case 0x10C96:
			return 0x10CD6;
		case 0x10C97:
			return 0x10CD7;
		case 0x10C98:
			return 0x10CD8;
		case 0x10C99:
			return 0x10CD9;
		case 0x10C9A:
			return 0x10CDA;
		case 0x10C9B:
			return 0x10CDB;
		case 0x10C9C:
			return 0x10CDC;
		case 0x10C9D:
			return 0x10CDD;
		case 0x10C9E:
			return 0x10CDE;
		case 0x10C9F:
			return 0x10CDF;
		case 0x10CA0:
			return 0x10CE0;
		case 0x10CA1:
			return 0x10CE1;
		case 0x10CA2:
			return 0x10CE2;
		case 0x10CA3:
			return 0x10CE3;
		case 0x10CA4:
			return 0x10CE4;
		case 0x10CA5:
			return 0x10CE5;
		case 0x10CA6:
			return 0x10CE6;
		case 0x10CA7:
			return 0x10CE7;
		case 0x10CA8:
			return 0x10CE8;
		case 0x10CA9:
			return 0x10CE9;
		case 0x10CAA:
			return 0x10CEA;
		case 0x10CAB:
			return 0x10CEB;
		case 0x10CAC:
			return 0x10CEC;
		case 0x10CAD:
			return 0x10CED;
		case 0x10CAE:
			return 0x10CEE;
		case 0x10CAF:
			return 0x10CEF;
		case 0x10CB0:
			return 0x10CF0;
		case 0x10CB1:
			return 0x10CF1;
		case 0x10CB2:
			return 0x10CF2;
		case 0x10D50:
			return 0x10D70;
		case 0x10D51:
			return 0x10D71;
		case 0x10D52:
			return 0x10D72;
		case 0x10D53:
			return 0x10D73;
		case 0x10D54:
			return 0x10D74;
		case 0x10D55:
			return 0x10D75;
		case 0x10D56:
			return 0x10D76;
		case 0x10D57:
			return 0x10D77;
		case 0x10D58:
			return 0x10D78;
		case 0x10D59:
			return 0x10D79;
		case 0x10D5A:
			return 0x10D7A;
		case 0x10D5B:
			return 0x10D7B;
		case 0x10D5C:
			return 0x10D7C;
		case 0x10D5D:
			return 0x10D7D;
		case 0x10D5E:
			return 0x10D7E;
		case 0x10D5F:
			return 0x10D7F;
		case 0x10D60:
			return 0x10D80;
		case 0x10D61:
			return 0x10D81;
		case 0x10D62:
			return 0x10D82;
		case 0x10D63:
			return 0x10D83;
		case 0x10D64:
			return 0x10D84;
		case 0x10D65:
			return 0x10D85;
		case 0x118A0:
			return 0x118C0;
		case 0x118A1:
			return 0x118C1;
		case 0x118A2:
			return 0x118C2;
		case 0x118A3:
			return 0x118C3;
		case 0x118A4:
			return 0x118C4;
		case 0x118A5:
			return 0x118C5;
		case 0x118A6:
			return 0x118C6;
		case 0x118A7:
			return 0x118C7;
		case 0x118A8:
			return 0x118C8;
		case 0x118A9:
			return 0x118C9;
		case 0x118AA:
			return 0x118CA;
		case 0x118AB:
			return 0x118CB;
		case 0x118AC:
			return 0x118CC;
		case 0x118AD:
			return 0x118CD;
		case 0x118AE:
			return 0x118CE;
		case 0x118AF:
			return 0x118CF;
		case 0x118B0:
			return 0x118D0;
		case 0x118B1:
			return 0x118D1;
		case 0x118B2:
			return 0x118D2;
		case 0x118B3:
			return 0x118D3;
		case 0x118B4:
			return 0x118D4;
		case 0x118B5:
			return 0x118D5;
		case 0x118B6:
			return 0x118D6;
		case 0x118B7:
			return 0x118D7;
		case 0x118B8:
			return 0x118D8;
		case 0x118B9:
			return 0x118D9;
		case 0x118BA:
			return 0x118DA;
		case 0x118BB:
			return 0x118DB;
		case 0x118BC:
			return 0x118DC;
		case 0x118BD:
			return 0x118DD;
		case 0x118BE:
			return 0x118DE;
		case 0x118BF:
			return 0x118DF;
		case 0x16E40:
			return 0x16E60;
		case 0x16E41:
			return 0x16E61;
		case 0x16E42:
			return 0x16E62;
		case 0x16E43:
			return 0x16E63;
		case 0x16E44:
			return 0x16E64;
		case 0x16E45:
			return 0x16E65;
		case 0x16E46:
			return 0x16E66;
		case 0x16E47:
			return 0x16E67;
		case 0x16E48:
			return 0x16E68;
		case 0x16E49:
			return 0x16E69;
		case 0x16E4A:
			return 0x16E6A;
		case 0x16E4B:
			return 0x16E6B;
		case 0x16E4C:
			return 0x16E6C;
		case 0x16E4D:
			return 0x16E6D;
		case 0x16E4E:
			return 0x16E6E;
		case 0x16E4F:
			return 0x16E6F;
		case 0x16E50:
			return 0x16E70;
		case 0x16E51:
			return 0x16E71;
		case 0x16E52:
			return 0x16E72;
		case 0x16E53:
			return 0x16E73;
		case 0x16E54:
			return 0x16E74;
		case 0x16E55:
			return 0x16E75;
		case 0x16E56:
			return 0x16E76;
		case 0x16E57:
			return 0x16E77;
		case 0x16E58:
			return 0x16E78;
		case 0x16E59:
			return 0x16E79;
		case 0x16E5A:
			return 0x16E7A;
		case 0x16E5B:
			return 0x16E7B;
		case 0x16E5C:
			return 0x16E7C;
		case 0x16E5D:
			return 0x16E7D;
		case 0x16E5E:
			return 0x16E7E;
		case 0x16E5F:
			return 0x16E7F;
		case 0x1E900:
			return 0x1E922;
		case 0x1E901:
			return 0x1E923;
		case 0x1E902:
			return 0x1E924;
		case 0x1E903:
			return 0x1E925;
		case 0x1E904:
			return 0x1E926;
		case 0x1E905:
			return 0x1E927;
		case 0x1E906:
			return 0x1E928;
		case 0x1E907:
			return 0x1E929;
		case 0x1E908:
			return 0x1E92A;
		case 0x1E909:
			return 0x1E92B;
		case 0x1E90A:
			return 0x1E92C;
		case 0x1E90B:
			return 0x1E92D;
		case 0x1E90C:
			return 0x1E92E;
		case 0x1E90D:
			return 0x1E92F;
		case 0x1E90E:
			return 0x1E930;
		case 0x1E90F:
			return 0x1E931;
		case 0x1E910:
			return 0x1E932;
		case 0x1E911:
			return 0x1E933;
		case 0x1E912:
			return 0x1E934;
		case 0x1E913:
			return 0x1E935;
		case 0x1E914:
			return 0x1E936;
		case 0x1E915:
			return 0x1E937;
		case 0x1E916:
			return 0x1E938;
		case 0x1E917:
			return 0x1E939;
		case 0x1E918:
			return 0x1E93A;
		case 0x1E919:
			return 0x1E93B;
		case 0x1E91A:
			return 0x1E93C;
		case 0x1E91B:
			return 0x1E93D;
		case 0x1E91C:
			return 0x1E93E;
		case 0x1E91D:
			return 0x1E93F;
		case 0x1E91E:
			return 0x1E940;
		case 0x1E91F:
			return 0x1E941;
		case 0x1E920:
			return 0x1E942;
		case 0x1E921:
			return 0x1E943;
	}
	return ch;
}
